assembly_id	accession	species	genus	source_dir	genome_path	gff_path	gtf_path	genome_gz_bytes	annotation_gz_bytes	has_genome	has_gff_or_gtf	train_eligible	duplicate_group_id	split_group
Arabidopsis_arenicola_GCA_964263825.1	GCA_964263825.1	Arabidopsis_arenicola	Arabidopsis	/home/user/zhangzhishuai/data/plantDB/genome/Arabidopsis_arenicola_GCA_964263825.1	/home/user/zhangzhishuai/data/plantDB/genome/Arabidopsis_arenicola_GCA_964263825.1/genome/GCA_964263825.1_bc1012_genomic.fna.gz	/home/user/zhangzhishuai/data/plantDB/genome/Arabidopsis_arenicola_GCA_964263825.1/annotation/GCA_964263825.1_bc1012_genomic.gff.gz		63027069	6839086	1	1	1	GCA_964263825.1	GCA_964263825.1
Arabidopsis_arenosa_GCA_905216605.1	GCA_905216605.1	Arabidopsis_arenosa	Arabidopsis	/home/user/zhangzhishuai/data/plantDB/genome/Arabidopsis_arenosa_GCA_905216605.1	/home/user/zhangzhishuai/data/plantDB/genome/Arabidopsis_arenosa_GCA_905216605.1/genome/GCA_905216605.1_AARE701a_genomic.fna.gz	/home/user/zhangzhishuai/data/plantDB/genome/Arabidopsis_arenosa_GCA_905216605.1/annotation/GCA_905216605.1_AARE701a_genomic.gff.gz		45479352	6961481	1	1	1	GCA_905216605.1	GCA_905216605.1
Arabidopsis_halleri_GCA_964271285.1	GCA_964271285.1	Arabidopsis_halleri	Arabidopsis	/home/user/zhangzhishuai/data/plantDB/genome/Arabidopsis_halleri_GCA_964271285.1	/home/user/zhangzhishuai/data/plantDB/genome/Arabidopsis_halleri_GCA_964271285.1/genome/GCA_964271285.1_ddAraHall_1.3_genomic.fna.gz	/home/user/zhangzhishuai/data/plantDB/genome/Arabidopsis_halleri_GCA_964271285.1/annotation/GCA_964271285.1_ddAraHall_1.3_genomic.gff.gz		64279520	4840040	1	1	1	GCA_964271285.1	GCA_964271285.1
Arabidopsis_lyrata_GCA_944990045.1	GCA_944990045.1	Arabidopsis_lyrata	Arabidopsis	/home/user/zhangzhishuai/data/plantDB/genome/Arabidopsis_lyrata_GCA_944990045.1	/home/user/zhangzhishuai/data/plantDB/genome/Arabidopsis_lyrata_GCA_944990045.1/genome/GCA_944990045.1_MN47_v2_genomic.fna.gz	/home/user/zhangzhishuai/data/plantDB/genome/Arabidopsis_lyrata_GCA_944990045.1/annotation/GCA_944990045.1_MN47_v2_genomic.gff.gz		69458379	5929212	1	1	1	GCA_944990045.1	GCA_944990045.1
Arabidopsis_suecica_GCA_019202805.1	GCA_019202805.1	Arabidopsis_suecica	Arabidopsis	/home/user/zhangzhishuai/data/plantDB/genome/Arabidopsis_suecica_GCA_019202805.1	/home/user/zhangzhishuai/data/plantDB/genome/Arabidopsis_suecica_GCA_019202805.1/genome/GCA_019202805.1_ASM1920280v1_genomic.fna.gz	/home/user/zhangzhishuai/data/plantDB/genome/Arabidopsis_suecica_GCA_019202805.1/annotation/GCA_019202805.1_ASM1920280v1_genomic.gff.gz		83584909	17365161	1	1	1	GCA_019202805.1	GCA_019202805.1
Arabidopsis_thaliana_GCA_000001735.2	GCA_000001735.2	Arabidopsis_thaliana	Arabidopsis	/home/user/zhangzhishuai/data/plantDB/genome/Arabidopsis_thaliana_GCA_000001735.2	/home/user/zhangzhishuai/data/plantDB/genome/Arabidopsis_thaliana_GCA_000001735.2/genome/GCA_000001735.2_TAIR10.1_genomic.fna.gz	/home/user/zhangzhishuai/data/plantDB/genome/Arabidopsis_thaliana_GCA_000001735.2/annotation/GCA_000001735.2_TAIR10.1_genomic.gff.gz		37482318	20134256	1	1	1	GCA_000001735.2	GCA_000001735.2
Arabidopsis_thaliana_GCA_001651475.1	GCA_001651475.1	Arabidopsis_thaliana	Arabidopsis	/home/user/zhangzhishuai/data/plantDB/genome/Arabidopsis_thaliana_GCA_001651475.1	/home/user/zhangzhishuai/data/plantDB/genome/Arabidopsis_thaliana_GCA_001651475.1/genome/GCA_001651475.1_Ler_Assembly_genomic.fna.gz	/home/user/zhangzhishuai/data/plantDB/genome/Arabidopsis_thaliana_GCA_001651475.1/annotation/GCA_001651475.1_Ler_Assembly_genomic.gff.gz		36936317	5381896	1	1	1	GCA_001651475.1	GCA_001651475.1
Arabidopsis_thaliana_GCA_051989455.1	GCA_051989455.1	Arabidopsis_thaliana	Arabidopsis	/home/user/zhangzhishuai/data/plantDB/genome/Arabidopsis_thaliana_GCA_051989455.1	/home/user/zhangzhishuai/data/plantDB/genome/Arabidopsis_thaliana_GCA_051989455.1/genome/GCA_051989455.1_AtEden1-20190304_genomic.fna.gz	/home/user/zhangzhishuai/data/plantDB/genome/Arabidopsis_thaliana_GCA_051989455.1/annotation/GCA_051989455.1_AtEden1-20190304_genomic.gff.gz		37390441	6801311	1	1	1	GCA_051989455.1	GCA_051989455.1
Arabidopsis_thaliana_GCA_052361225.1	GCA_052361225.1	Arabidopsis_thaliana	Arabidopsis	/home/user/zhangzhishuai/data/plantDB/genome/Arabidopsis_thaliana_GCA_052361225.1	/home/user/zhangzhishuai/data/plantDB/genome/Arabidopsis_thaliana_GCA_052361225.1/genome/GCA_052361225.1_AtNW77-20190304_genomic.fna.gz	/home/user/zhangzhishuai/data/plantDB/genome/Arabidopsis_thaliana_GCA_052361225.1/annotation/GCA_052361225.1_AtNW77-20190304_genomic.gff.gz		37192132	6820293	1	1	1	GCA_052361225.1	GCA_052361225.1
Arabidopsis_thaliana_GCA_902651935.1	GCA_902651935.1	Arabidopsis_thaliana	Arabidopsis	/home/user/zhangzhishuai/data/plantDB/genome/Arabidopsis_thaliana_GCA_902651935.1	/home/user/zhangzhishuai/data/plantDB/genome/Arabidopsis_thaliana_GCA_902651935.1/genome/GCA_902651935.1_araThaAn1v1_genomic.fna.gz	/home/user/zhangzhishuai/data/plantDB/genome/Arabidopsis_thaliana_GCA_902651935.1/annotation/GCA_902651935.1_araThaAn1v1_genomic.gff.gz		37681275	4848894	1	1	1	GCA_902651935.1	GCA_902651935.1
Arabidopsis_thaliana_GCA_902705455.1	GCA_902705455.1	Arabidopsis_thaliana	Arabidopsis	/home/user/zhangzhishuai/data/plantDB/genome/Arabidopsis_thaliana_GCA_902705455.1	/home/user/zhangzhishuai/data/plantDB/genome/Arabidopsis_thaliana_GCA_902705455.1/genome/GCA_902705455.1_araThaC24v1_genomic.fna.gz	/home/user/zhangzhishuai/data/plantDB/genome/Arabidopsis_thaliana_GCA_902705455.1/annotation/GCA_902705455.1_araThaC24v1_genomic.gff.gz		37477067	4877697	1	1	1	GCA_902705455.1	GCA_902705455.1
Arabidopsis_thaliana_GCA_904420315.1	GCA_904420315.1	Arabidopsis_thaliana	Arabidopsis	/home/user/zhangzhishuai/data/plantDB/genome/Arabidopsis_thaliana_GCA_904420315.1	/home/user/zhangzhishuai/data/plantDB/genome/Arabidopsis_thaliana_GCA_904420315.1/genome/GCA_904420315.1_AT9943.Cdm-0.scaffold_genomic.fna.gz	/home/user/zhangzhishuai/data/plantDB/genome/Arabidopsis_thaliana_GCA_904420315.1/annotation/GCA_904420315.1_AT9943.Cdm-0.scaffold_genomic.gff.gz		38543037	6923773	1	1	1	GCA_904420315.1	GCA_904420315.1
Arabidopsis_thaliana_GCA_978657495.1	GCA_978657495.1	Arabidopsis_thaliana	Arabidopsis	/home/user/zhangzhishuai/data/plantDB/genome/Arabidopsis_thaliana_GCA_978657495.1	/home/user/zhangzhishuai/data/plantDB/genome/Arabidopsis_thaliana_GCA_978657495.1/genome/GCA_978657495.1_TAIR12_genomic.fna.gz	/home/user/zhangzhishuai/data/plantDB/genome/Arabidopsis_thaliana_GCA_978657495.1/annotation/GCA_978657495.1_TAIR12_genomic.gff.gz		39074285	14468682	1	1	1	GCA_978657495.1	GCA_978657495.1
Arabidopsis_thaliana_GCF_000001735.4	GCF_000001735.4	Arabidopsis_thaliana	Arabidopsis	/home/user/zhangzhishuai/data/plantDB/genome/Arabidopsis_thaliana_GCF_000001735.4	/home/user/zhangzhishuai/data/plantDB/genome/Arabidopsis_thaliana_GCF_000001735.4/genome/GCF_000001735.4_TAIR10.1_genomic.fna.gz	/home/user/zhangzhishuai/data/plantDB/genome/Arabidopsis_thaliana_GCF_000001735.4/annotation/GCF_000001735.4_TAIR10.1_genomic.gff.gz		37482399	22213077	1	1	1	GCF_000001735.4	GCF_000001735.4
Arabidopsis_thaliana_x_Arabidopsis_arenosa_GCA_019202795.1	GCA_019202795.1	Arabidopsis_thaliana_x_Arabidopsis_arenosa	Arabidopsis	/home/user/zhangzhishuai/data/plantDB/genome/Arabidopsis_thaliana_x_Arabidopsis_arenosa_GCA_019202795.1	/home/user/zhangzhishuai/data/plantDB/genome/Arabidopsis_thaliana_x_Arabidopsis_arenosa_GCA_019202795.1/genome/GCA_019202795.1_ASM1920279v1_genomic.fna.gz	/home/user/zhangzhishuai/data/plantDB/genome/Arabidopsis_thaliana_x_Arabidopsis_arenosa_GCA_019202795.1/annotation/GCA_019202795.1_ASM1920279v1_genomic.gff.gz		83324129	17264288	1	1	1	GCA_019202795.1	GCA_019202795.1
Arabis_alpina_GCA_000733195.1	GCA_000733195.1	Arabis_alpina	Arabis	/home/user/zhangzhishuai/data/plantDB/genome/Arabis_alpina_GCA_000733195.1	/home/user/zhangzhishuai/data/plantDB/genome/Arabis_alpina_GCA_000733195.1/genome/GCA_000733195.1_A_alpina_V4_genomic.fna.gz	/home/user/zhangzhishuai/data/plantDB/genome/Arabis_alpina_GCA_000733195.1/annotation/GCA_000733195.1_A_alpina_V4_genomic.gff.gz		90625629	5719167	1	1	1	GCA_000733195.1	GCA_000733195.1
Arabis_caerulea_GCA_964264145.1	GCA_964264145.1	Arabis_caerulea	Arabis	/home/user/zhangzhishuai/data/plantDB/genome/Arabis_caerulea_GCA_964264145.1	/home/user/zhangzhishuai/data/plantDB/genome/Arabis_caerulea_GCA_964264145.1/genome/GCA_964264145.1_bc1009_genomic.fna.gz	/home/user/zhangzhishuai/data/plantDB/genome/Arabis_caerulea_GCA_964264145.1/annotation/GCA_964264145.1_bc1009_genomic.gff.gz		118403607	7302770	1	1	1	GCA_964264145.1	GCA_964264145.1
Arabis_ciliata_GCA_964264135.1	GCA_964264135.1	Arabis_ciliata	Arabis	/home/user/zhangzhishuai/data/plantDB/genome/Arabis_ciliata_GCA_964264135.1	/home/user/zhangzhishuai/data/plantDB/genome/Arabis_ciliata_GCA_964264135.1/genome/GCA_964264135.1_bc1008_genomic.fna.gz	/home/user/zhangzhishuai/data/plantDB/genome/Arabis_ciliata_GCA_964264135.1/annotation/GCA_964264135.1_bc1008_genomic.gff.gz		97618826	6996177	1	1	1	GCA_964264135.1	GCA_964264135.1
Arabis_nemorensis_GCA_902206195.3	GCA_902206195.3	Arabis_nemorensis	Arabis	/home/user/zhangzhishuai/data/plantDB/genome/Arabis_nemorensis_GCA_902206195.3	/home/user/zhangzhishuai/data/plantDB/genome/Arabis_nemorensis_GCA_902206195.3/genome/GCA_902206195.3_Arabis_nemorensis_1.0_pseudo-chromsomes_annotated_genomic.fna.gz	/home/user/zhangzhishuai/data/plantDB/genome/Arabis_nemorensis_GCA_902206195.3/annotation/GCA_902206195.3_Arabis_nemorensis_1.0_pseudo-chromsomes_annotated_genomic.gff.gz		51115602	6516033	1	1	1	GCA_902206195.3	GCA_902206195.3
Brassica_carinata_GCA_016771965.1	GCA_016771965.1	Brassica_carinata	Brassica	/home/user/zhangzhishuai/data/plantDB/genome/Brassica_carinata_GCA_016771965.1	/home/user/zhangzhishuai/data/plantDB/genome/Brassica_carinata_GCA_016771965.1/genome/GCA_016771965.1_ASM1677196v1_genomic.fna.gz	/home/user/zhangzhishuai/data/plantDB/genome/Brassica_carinata_GCA_016771965.1/annotation/GCA_016771965.1_ASM1677196v1_genomic.gff.gz		316486467	13985972	1	1	1	GCA_016771965.1	GCA_016771965.1
Brassica_carinata_GCA_040550855.1	GCA_040550855.1	Brassica_carinata	Brassica	/home/user/zhangzhishuai/data/plantDB/genome/Brassica_carinata_GCA_040550855.1	/home/user/zhangzhishuai/data/plantDB/genome/Brassica_carinata_GCA_040550855.1/genome/GCA_040550855.1_C4012_genomic.fna.gz	/home/user/zhangzhishuai/data/plantDB/genome/Brassica_carinata_GCA_040550855.1/annotation/GCA_040550855.1_C4012_genomic.gff.gz		323951481	15853008	1	1	1	GCA_040550855.1	GCA_040550855.1
Brassica_carinata_GCA_040584065.1	GCA_040584065.1	Brassica_carinata	Brassica	/home/user/zhangzhishuai/data/plantDB/genome/Brassica_carinata_GCA_040584065.1	/home/user/zhangzhishuai/data/plantDB/genome/Brassica_carinata_GCA_040584065.1/genome/GCA_040584065.1_ASM4058406v1_genomic.fna.gz	/home/user/zhangzhishuai/data/plantDB/genome/Brassica_carinata_GCA_040584065.1/annotation/GCA_040584065.1_ASM4058406v1_genomic.gff.gz		322572230	15214589	1	1	1	GCA_040584065.1	GCA_040584065.1
Brassica_cretica_GCA_003260635.2	GCA_003260635.2	Brassica_cretica	Brassica	/home/user/zhangzhishuai/data/plantDB/genome/Brassica_cretica_GCA_003260635.2	/home/user/zhangzhishuai/data/plantDB/genome/Brassica_cretica_GCA_003260635.2/genome/GCA_003260635.2_B_cretica_B_v2_genomic.fna.gz	/home/user/zhangzhishuai/data/plantDB/genome/Brassica_cretica_GCA_003260635.2/annotation/GCA_003260635.2_B_cretica_B_v2_genomic.gff.gz		62061549	6516795	1	1	1	GCA_003260635.2	GCA_003260635.2
Brassica_cretica_GCA_003260655.2	GCA_003260655.2	Brassica_cretica	Brassica	/home/user/zhangzhishuai/data/plantDB/genome/Brassica_cretica_GCA_003260655.2	/home/user/zhangzhishuai/data/plantDB/genome/Brassica_cretica_GCA_003260655.2/genome/GCA_003260655.2_B_cretica_A_v2_genomic.fna.gz	/home/user/zhangzhishuai/data/plantDB/genome/Brassica_cretica_GCA_003260655.2/annotation/GCA_003260655.2_B_cretica_A_v2_genomic.gff.gz		101586597	9111058	1	1	1	GCA_003260655.2	GCA_003260655.2
Brassica_cretica_GCA_003260675.2	GCA_003260675.2	Brassica_cretica	Brassica	/home/user/zhangzhishuai/data/plantDB/genome/Brassica_cretica_GCA_003260675.2	/home/user/zhangzhishuai/data/plantDB/genome/Brassica_cretica_GCA_003260675.2/genome/GCA_003260675.2_B_cretica_D_v2_genomic.fna.gz	/home/user/zhangzhishuai/data/plantDB/genome/Brassica_cretica_GCA_003260675.2/annotation/GCA_003260675.2_B_cretica_D_v2_genomic.gff.gz		86516574	8868755	1	1	1	GCA_003260675.2	GCA_003260675.2
Brassica_cretica_GCA_003260695.2	GCA_003260695.2	Brassica_cretica	Brassica	/home/user/zhangzhishuai/data/plantDB/genome/Brassica_cretica_GCA_003260695.2	/home/user/zhangzhishuai/data/plantDB/genome/Brassica_cretica_GCA_003260695.2/genome/GCA_003260695.2_B_cretica_D_v2_genomic.fna.gz	/home/user/zhangzhishuai/data/plantDB/genome/Brassica_cretica_GCA_003260695.2/annotation/GCA_003260695.2_B_cretica_D_v2_genomic.gff.gz		60818062	6406305	1	1	1	GCA_003260695.2	GCA_003260695.2
Brassica_napus_GCA_000686985.2	GCA_000686985.2	Brassica_napus	Brassica	/home/user/zhangzhishuai/data/plantDB/genome/Brassica_napus_GCA_000686985.2	/home/user/zhangzhishuai/data/plantDB/genome/Brassica_napus_GCA_000686985.2/genome/GCA_000686985.2_Bra_napus_v2.0_genomic.fna.gz			272455271	0	1	0	0	GCA_000686985.2	GCA_000686985.2
Brassica_napus_GCA_000751015.1	GCA_000751015.1	Brassica_napus	Brassica	/home/user/zhangzhishuai/data/plantDB/genome/Brassica_napus_GCA_000751015.1	/home/user/zhangzhishuai/data/plantDB/genome/Brassica_napus_GCA_000751015.1/genome/GCA_000751015.1_AST_PRJEB5043_v1_genomic.fna.gz	/home/user/zhangzhishuai/data/plantDB/genome/Brassica_napus_GCA_000751015.1/annotation/GCA_000751015.1_AST_PRJEB5043_v1_genomic.gff.gz	/home/user/zhangzhishuai/data/plantDB/genome/Brassica_napus_GCA_000751015.1/annotation/GCA_000751015.1_AST_PRJEB5043_v1_genomic.gtf.gz	235101249	21195315	1	1	1	GCA_000751015.1	GCA_000751015.1
Brassica_napus_GCA_014170575.1	GCA_014170575.1	Brassica_napus	Brassica	/home/user/zhangzhishuai/data/plantDB/genome/Brassica_napus_GCA_014170575.1	/home/user/zhangzhishuai/data/plantDB/genome/Brassica_napus_GCA_014170575.1/genome/GCA_014170575.1_ASM1417057v1_genomic.fna.gz			236850713	0	1	0	0	GCA_014170575.1	GCA_014170575.1
Brassica_napus_GCA_020379485.1	GCA_020379485.1	Brassica_napus	Brassica	/home/user/zhangzhishuai/data/plantDB/genome/Brassica_napus_GCA_020379485.1	/home/user/zhangzhishuai/data/plantDB/genome/Brassica_napus_GCA_020379485.1/genome/GCA_020379485.1_Da-Ae_genomic.fna.gz	/home/user/zhangzhishuai/data/plantDB/genome/Brassica_napus_GCA_020379485.1/annotation/GCA_020379485.1_Da-Ae_genomic.gff.gz		295744912	20523304	1	1	1	GCA_020379485.1	GCA_020379485.1
Brassica_napus_GCA_026770255.1	GCA_026770255.1	Brassica_napus	Brassica	/home/user/zhangzhishuai/data/plantDB/genome/Brassica_napus_GCA_026770255.1	/home/user/zhangzhishuai/data/plantDB/genome/Brassica_napus_GCA_026770255.1/genome/GCA_026770255.1_ASM2677025v1_genomic.fna.gz			255561092	0	1	0	0	GCA_026770255.1	GCA_026770255.1
Brassica_napus_GCA_026770265.1	GCA_026770265.1	Brassica_napus	Brassica	/home/user/zhangzhishuai/data/plantDB/genome/Brassica_napus_GCA_026770265.1	/home/user/zhangzhishuai/data/plantDB/genome/Brassica_napus_GCA_026770265.1/genome/GCA_026770265.1_ASM2677026v1_genomic.fna.gz			259715557	0	1	0	0	GCA_026770265.1	GCA_026770265.1
Brassica_napus_GCA_033441925.1	GCA_033441925.1	Brassica_napus	Brassica	/home/user/zhangzhishuai/data/plantDB/genome/Brassica_napus_GCA_033441925.1	/home/user/zhangzhishuai/data/plantDB/genome/Brassica_napus_GCA_033441925.1/genome/GCA_033441925.1_ASM3344192v1_genomic.fna.gz			284453058	0	1	0	0	GCA_033441925.1	GCA_033441925.1
Brassica_napus_GCA_033556945.1	GCA_033556945.1	Brassica_napus	Brassica	/home/user/zhangzhishuai/data/plantDB/genome/Brassica_napus_GCA_033556945.1	/home/user/zhangzhishuai/data/plantDB/genome/Brassica_napus_GCA_033556945.1/genome/GCA_033556945.1_ASM3355694v1_genomic.fna.gz			296680943	0	1	0	0	GCA_033556945.1	GCA_033556945.1
Brassica_napus_GCA_038677285.1	GCA_038677285.1	Brassica_napus	Brassica	/home/user/zhangzhishuai/data/plantDB/genome/Brassica_napus_GCA_038677285.1	/home/user/zhangzhishuai/data/plantDB/genome/Brassica_napus_GCA_038677285.1/genome/GCA_038677285.1_ASM3867728v1_genomic.fna.gz	/home/user/zhangzhishuai/data/plantDB/genome/Brassica_napus_GCA_038677285.1/annotation/GCA_038677285.1_ASM3867728v1_genomic.gff.gz	/home/user/zhangzhishuai/data/plantDB/genome/Brassica_napus_GCA_038677285.1/annotation/GCA_038677285.1_ASM3867728v1_genomic.gtf.gz	283925912	37744442	1	1	1	GCA_038677285.1	GCA_038677285.1
Brassica_napus_GCA_041889865.1	GCA_041889865.1	Brassica_napus	Brassica	/home/user/zhangzhishuai/data/plantDB/genome/Brassica_napus_GCA_041889865.1	/home/user/zhangzhishuai/data/plantDB/genome/Brassica_napus_GCA_041889865.1/genome/GCA_041889865.1_ASM4188986v1_genomic.fna.gz			266716368	0	1	0	0	GCA_041889865.1	GCA_041889865.1
Brassica_napus_GCA_041889875.1	GCA_041889875.1	Brassica_napus	Brassica	/home/user/zhangzhishuai/data/plantDB/genome/Brassica_napus_GCA_041889875.1	/home/user/zhangzhishuai/data/plantDB/genome/Brassica_napus_GCA_041889875.1/genome/GCA_041889875.1_ASM4188987v1_genomic.fna.gz			283730970	0	1	0	0	GCA_041889875.1	GCA_041889875.1
Brassica_napus_GCA_041889885.1	GCA_041889885.1	Brassica_napus	Brassica	/home/user/zhangzhishuai/data/plantDB/genome/Brassica_napus_GCA_041889885.1	/home/user/zhangzhishuai/data/plantDB/genome/Brassica_napus_GCA_041889885.1/genome/GCA_041889885.1_ASM4188988v1_genomic.fna.gz			321013598	0	1	0	0	GCA_041889885.1	GCA_041889885.1
Brassica_napus_GCA_041889895.1	GCA_041889895.1	Brassica_napus	Brassica	/home/user/zhangzhishuai/data/plantDB/genome/Brassica_napus_GCA_041889895.1	/home/user/zhangzhishuai/data/plantDB/genome/Brassica_napus_GCA_041889895.1/genome/GCA_041889895.1_ASM4188989v1_genomic.fna.gz			267500408	0	1	0	0	GCA_041889895.1	GCA_041889895.1
Brassica_napus_GCA_041889915.1	GCA_041889915.1	Brassica_napus	Brassica	/home/user/zhangzhishuai/data/plantDB/genome/Brassica_napus_GCA_041889915.1	/home/user/zhangzhishuai/data/plantDB/genome/Brassica_napus_GCA_041889915.1/genome/GCA_041889915.1_ASM4188991v1_genomic.fna.gz			309922909	0	1	0	0	GCA_041889915.1	GCA_041889915.1
Brassica_napus_GCA_041890065.1	GCA_041890065.1	Brassica_napus	Brassica	/home/user/zhangzhishuai/data/plantDB/genome/Brassica_napus_GCA_041890065.1	/home/user/zhangzhishuai/data/plantDB/genome/Brassica_napus_GCA_041890065.1/genome/GCA_041890065.1_ASM4189006v1_genomic.fna.gz			265852520	0	1	0	0	GCA_041890065.1	GCA_041890065.1
Brassica_napus_GCA_054740885.1	GCA_054740885.1	Brassica_napus	Brassica	/home/user/zhangzhishuai/data/plantDB/genome/Brassica_napus_GCA_054740885.1	/home/user/zhangzhishuai/data/plantDB/genome/Brassica_napus_GCA_054740885.1/genome/GCA_054740885.1_kale_beta_genomic.fna.gz			277030503	0	1	0	0	GCA_054740885.1	GCA_054740885.1
Brassica_napus_GCA_905183035.1	GCA_905183035.1	Brassica_napus	Brassica	/home/user/zhangzhishuai/data/plantDB/genome/Brassica_napus_GCA_905183035.1	/home/user/zhangzhishuai/data/plantDB/genome/Brassica_napus_GCA_905183035.1/genome/GCA_905183035.1_bnapus_darmor_bzh_v10_genomic.fna.gz	/home/user/zhangzhishuai/data/plantDB/genome/Brassica_napus_GCA_905183035.1/annotation/GCA_905183035.1_bnapus_darmor_bzh_v10_genomic.gff.gz	/home/user/zhangzhishuai/data/plantDB/genome/Brassica_napus_GCA_905183035.1/annotation/GCA_905183035.1_bnapus_darmor_bzh_v10_genomic.gtf.gz	270992114	27134431	1	1	1	GCA_905183035.1	GCA_905183035.1
Brassica_napus_GCA_964339155.1	GCA_964339155.1	Brassica_napus	Brassica	/home/user/zhangzhishuai/data/plantDB/genome/Brassica_napus_GCA_964339155.1	/home/user/zhangzhishuai/data/plantDB/genome/Brassica_napus_GCA_964339155.1/genome/GCA_964339155.1_BnAssyst-454_genomic.fna.gz			271125376	0	1	0	0	GCA_964339155.1	GCA_964339155.1
Brassica_napus_GCA_964339245.1	GCA_964339245.1	Brassica_napus	Brassica	/home/user/zhangzhishuai/data/plantDB/genome/Brassica_napus_GCA_964339245.1	/home/user/zhangzhishuai/data/plantDB/genome/Brassica_napus_GCA_964339245.1/genome/GCA_964339245.1_BnASSYST-112_genomic.fna.gz			273045986	0	1	0	0	GCA_964339245.1	GCA_964339245.1
Brassica_napus_GCA_964339255.1	GCA_964339255.1	Brassica_napus	Brassica	/home/user/zhangzhishuai/data/plantDB/genome/Brassica_napus_GCA_964339255.1	/home/user/zhangzhishuai/data/plantDB/genome/Brassica_napus_GCA_964339255.1/genome/GCA_964339255.1_BnASSYST-083_genomic.fna.gz			273294768	0	1	0	0	GCA_964339255.1	GCA_964339255.1
Brassica_napus_GCA_964339265.1	GCA_964339265.1	Brassica_napus	Brassica	/home/user/zhangzhishuai/data/plantDB/genome/Brassica_napus_GCA_964339265.1	/home/user/zhangzhishuai/data/plantDB/genome/Brassica_napus_GCA_964339265.1/genome/GCA_964339265.1_BnASSYST-067_genomic.fna.gz			271196556	0	1	0	0	GCA_964339265.1	GCA_964339265.1
Brassica_napus_GCA_964339315.1	GCA_964339315.1	Brassica_napus	Brassica	/home/user/zhangzhishuai/data/plantDB/genome/Brassica_napus_GCA_964339315.1	/home/user/zhangzhishuai/data/plantDB/genome/Brassica_napus_GCA_964339315.1/genome/GCA_964339315.1_BnASSYST-032_genomic.fna.gz			272103361	0	1	0	0	GCA_964339315.1	GCA_964339315.1
Brassica_napus_GCA_964339375.1	GCA_964339375.1	Brassica_napus	Brassica	/home/user/zhangzhishuai/data/plantDB/genome/Brassica_napus_GCA_964339375.1	/home/user/zhangzhishuai/data/plantDB/genome/Brassica_napus_GCA_964339375.1/genome/GCA_964339375.1_BnASSYST-102_genomic.fna.gz			270813595	0	1	0	0	GCA_964339375.1	GCA_964339375.1
Brassica_napus_GCA_964339385.1	GCA_964339385.1	Brassica_napus	Brassica	/home/user/zhangzhishuai/data/plantDB/genome/Brassica_napus_GCA_964339385.1	/home/user/zhangzhishuai/data/plantDB/genome/Brassica_napus_GCA_964339385.1/genome/GCA_964339385.1_BnASSYST-113_genomic.fna.gz			269841551	0	1	0	0	GCA_964339385.1	GCA_964339385.1
Brassica_napus_GCA_964339415.1	GCA_964339415.1	Brassica_napus	Brassica	/home/user/zhangzhishuai/data/plantDB/genome/Brassica_napus_GCA_964339415.1	/home/user/zhangzhishuai/data/plantDB/genome/Brassica_napus_GCA_964339415.1/genome/GCA_964339415.1_BnASSYST-099_genomic.fna.gz			269431481	0	1	0	0	GCA_964339415.1	GCA_964339415.1
Brassica_napus_GCA_964339445.1	GCA_964339445.1	Brassica_napus	Brassica	/home/user/zhangzhishuai/data/plantDB/genome/Brassica_napus_GCA_964339445.1	/home/user/zhangzhishuai/data/plantDB/genome/Brassica_napus_GCA_964339445.1/genome/GCA_964339445.1_BnASSYST-039_genomic.fna.gz			268147137	0	1	0	0	GCA_964339445.1	GCA_964339445.1
Brassica_napus_GCA_964339455.1	GCA_964339455.1	Brassica_napus	Brassica	/home/user/zhangzhishuai/data/plantDB/genome/Brassica_napus_GCA_964339455.1	/home/user/zhangzhishuai/data/plantDB/genome/Brassica_napus_GCA_964339455.1/genome/GCA_964339455.1_BnASSYST-063_genomic.fna.gz			269137725	0	1	0	0	GCA_964339455.1	GCA_964339455.1
Brassica_napus_GCA_964339475.1	GCA_964339475.1	Brassica_napus	Brassica	/home/user/zhangzhishuai/data/plantDB/genome/Brassica_napus_GCA_964339475.1	/home/user/zhangzhishuai/data/plantDB/genome/Brassica_napus_GCA_964339475.1/genome/GCA_964339475.1_BnASSYST-287_genomic.fna.gz			274586810	0	1	0	0	GCA_964339475.1	GCA_964339475.1
Brassica_napus_GCA_964339495.1	GCA_964339495.1	Brassica_napus	Brassica	/home/user/zhangzhishuai/data/plantDB/genome/Brassica_napus_GCA_964339495.1	/home/user/zhangzhishuai/data/plantDB/genome/Brassica_napus_GCA_964339495.1/genome/GCA_964339495.1_BnASSYST-239_genomic.fna.gz			257603477	0	1	0	0	GCA_964339495.1	GCA_964339495.1
Brassica_napus_GCA_964339505.1	GCA_964339505.1	Brassica_napus	Brassica	/home/user/zhangzhishuai/data/plantDB/genome/Brassica_napus_GCA_964339505.1	/home/user/zhangzhishuai/data/plantDB/genome/Brassica_napus_GCA_964339505.1/genome/GCA_964339505.1_BnASSYST-260_genomic.fna.gz			269427836	0	1	0	0	GCA_964339505.1	GCA_964339505.1
Brassica_napus_GCA_964339515.1	GCA_964339515.1	Brassica_napus	Brassica	/home/user/zhangzhishuai/data/plantDB/genome/Brassica_napus_GCA_964339515.1	/home/user/zhangzhishuai/data/plantDB/genome/Brassica_napus_GCA_964339515.1/genome/GCA_964339515.1_BnASSYST-151_genomic.fna.gz			277024313	0	1	0	0	GCA_964339515.1	GCA_964339515.1
Brassica_napus_GCA_964339525.1	GCA_964339525.1	Brassica_napus	Brassica	/home/user/zhangzhishuai/data/plantDB/genome/Brassica_napus_GCA_964339525.1	/home/user/zhangzhishuai/data/plantDB/genome/Brassica_napus_GCA_964339525.1/genome/GCA_964339525.1_BnASSYST-180_genomic.fna.gz			271944296	0	1	0	0	GCA_964339525.1	GCA_964339525.1
Brassica_napus_GCA_964339545.1	GCA_964339545.1	Brassica_napus	Brassica	/home/user/zhangzhishuai/data/plantDB/genome/Brassica_napus_GCA_964339545.1	/home/user/zhangzhishuai/data/plantDB/genome/Brassica_napus_GCA_964339545.1/genome/GCA_964339545.1_BnASSYST-120_genomic.fna.gz			269529353	0	1	0	0	GCA_964339545.1	GCA_964339545.1
Brassica_napus_GCA_964339555.1	GCA_964339555.1	Brassica_napus	Brassica	/home/user/zhangzhishuai/data/plantDB/genome/Brassica_napus_GCA_964339555.1	/home/user/zhangzhishuai/data/plantDB/genome/Brassica_napus_GCA_964339555.1/genome/GCA_964339555.1_BnASSYST-274_genomic.fna.gz			275167496	0	1	0	0	GCA_964339555.1	GCA_964339555.1
Brassica_napus_GCA_964339565.1	GCA_964339565.1	Brassica_napus	Brassica	/home/user/zhangzhishuai/data/plantDB/genome/Brassica_napus_GCA_964339565.1	/home/user/zhangzhishuai/data/plantDB/genome/Brassica_napus_GCA_964339565.1/genome/GCA_964339565.1_BnASSYST-307_genomic.fna.gz			273866685	0	1	0	0	GCA_964339565.1	GCA_964339565.1
Brassica_napus_GCA_964339575.1	GCA_964339575.1	Brassica_napus	Brassica	/home/user/zhangzhishuai/data/plantDB/genome/Brassica_napus_GCA_964339575.1	/home/user/zhangzhishuai/data/plantDB/genome/Brassica_napus_GCA_964339575.1/genome/GCA_964339575.1_BnASSYST-148_genomic.fna.gz			273397403	0	1	0	0	GCA_964339575.1	GCA_964339575.1
Brassica_napus_GCA_964339585.1	GCA_964339585.1	Brassica_napus	Brassica	/home/user/zhangzhishuai/data/plantDB/genome/Brassica_napus_GCA_964339585.1	/home/user/zhangzhishuai/data/plantDB/genome/Brassica_napus_GCA_964339585.1/genome/GCA_964339585.1_BnASSYST-206_genomic.fna.gz			265429943	0	1	0	0	GCA_964339585.1	GCA_964339585.1
Brassica_napus_GCA_964339605.1	GCA_964339605.1	Brassica_napus	Brassica	/home/user/zhangzhishuai/data/plantDB/genome/Brassica_napus_GCA_964339605.1	/home/user/zhangzhishuai/data/plantDB/genome/Brassica_napus_GCA_964339605.1/genome/GCA_964339605.1_BnASSYST-256_genomic.fna.gz			267170392	0	1	0	0	GCA_964339605.1	GCA_964339605.1
Brassica_napus_GCA_964339615.1	GCA_964339615.1	Brassica_napus	Brassica	/home/user/zhangzhishuai/data/plantDB/genome/Brassica_napus_GCA_964339615.1	/home/user/zhangzhishuai/data/plantDB/genome/Brassica_napus_GCA_964339615.1/genome/GCA_964339615.1_BnASSYST-240_genomic.fna.gz			272959758	0	1	0	0	GCA_964339615.1	GCA_964339615.1
Brassica_napus_GCA_964339625.1	GCA_964339625.1	Brassica_napus	Brassica	/home/user/zhangzhishuai/data/plantDB/genome/Brassica_napus_GCA_964339625.1	/home/user/zhangzhishuai/data/plantDB/genome/Brassica_napus_GCA_964339625.1/genome/GCA_964339625.1_BnASSYST-190_genomic.fna.gz			266991826	0	1	0	0	GCA_964339625.1	GCA_964339625.1
Brassica_napus_GCA_964339635.1	GCA_964339635.1	Brassica_napus	Brassica	/home/user/zhangzhishuai/data/plantDB/genome/Brassica_napus_GCA_964339635.1	/home/user/zhangzhishuai/data/plantDB/genome/Brassica_napus_GCA_964339635.1/genome/GCA_964339635.1_BnASSYST-284_genomic.fna.gz			272630086	0	1	0	0	GCA_964339635.1	GCA_964339635.1
Brassica_napus_GCA_964339645.1	GCA_964339645.1	Brassica_napus	Brassica	/home/user/zhangzhishuai/data/plantDB/genome/Brassica_napus_GCA_964339645.1	/home/user/zhangzhishuai/data/plantDB/genome/Brassica_napus_GCA_964339645.1/genome/GCA_964339645.1_BnASSYST-186_genomic.fna.gz			271394937	0	1	0	0	GCA_964339645.1	GCA_964339645.1
Brassica_napus_GCA_964339655.1	GCA_964339655.1	Brassica_napus	Brassica	/home/user/zhangzhishuai/data/plantDB/genome/Brassica_napus_GCA_964339655.1	/home/user/zhangzhishuai/data/plantDB/genome/Brassica_napus_GCA_964339655.1/genome/GCA_964339655.1_BnASSYST-288_genomic.fna.gz			270142383	0	1	0	0	GCA_964339655.1	GCA_964339655.1
Brassica_napus_GCA_964339665.1	GCA_964339665.1	Brassica_napus	Brassica	/home/user/zhangzhishuai/data/plantDB/genome/Brassica_napus_GCA_964339665.1	/home/user/zhangzhishuai/data/plantDB/genome/Brassica_napus_GCA_964339665.1/genome/GCA_964339665.1_BnASSYST-283_genomic.fna.gz			277614321	0	1	0	0	GCA_964339665.1	GCA_964339665.1
Brassica_napus_GCA_964339675.1	GCA_964339675.1	Brassica_napus	Brassica	/home/user/zhangzhishuai/data/plantDB/genome/Brassica_napus_GCA_964339675.1	/home/user/zhangzhishuai/data/plantDB/genome/Brassica_napus_GCA_964339675.1/genome/GCA_964339675.1_BnASSYST-276_genomic.fna.gz			271959524	0	1	0	0	GCA_964339675.1	GCA_964339675.1
Brassica_napus_GCA_964339685.1	GCA_964339685.1	Brassica_napus	Brassica	/home/user/zhangzhishuai/data/plantDB/genome/Brassica_napus_GCA_964339685.1	/home/user/zhangzhishuai/data/plantDB/genome/Brassica_napus_GCA_964339685.1/genome/GCA_964339685.1_BnASSYST-121_genomic.fna.gz			272619172	0	1	0	0	GCA_964339685.1	GCA_964339685.1
Brassica_napus_GCA_964339695.1	GCA_964339695.1	Brassica_napus	Brassica	/home/user/zhangzhishuai/data/plantDB/genome/Brassica_napus_GCA_964339695.1	/home/user/zhangzhishuai/data/plantDB/genome/Brassica_napus_GCA_964339695.1/genome/GCA_964339695.1_BnASSYST-291_genomic.fna.gz			271750095	0	1	0	0	GCA_964339695.1	GCA_964339695.1
Brassica_napus_GCA_964339705.1	GCA_964339705.1	Brassica_napus	Brassica	/home/user/zhangzhishuai/data/plantDB/genome/Brassica_napus_GCA_964339705.1	/home/user/zhangzhishuai/data/plantDB/genome/Brassica_napus_GCA_964339705.1/genome/GCA_964339705.1_BnASSYST-275_genomic.fna.gz			272293309	0	1	0	0	GCA_964339705.1	GCA_964339705.1
Brassica_napus_GCA_964339715.1	GCA_964339715.1	Brassica_napus	Brassica	/home/user/zhangzhishuai/data/plantDB/genome/Brassica_napus_GCA_964339715.1	/home/user/zhangzhishuai/data/plantDB/genome/Brassica_napus_GCA_964339715.1/genome/GCA_964339715.1_BnASSYST-131_genomic.fna.gz			269177313	0	1	0	0	GCA_964339715.1	GCA_964339715.1
Brassica_napus_GCA_964339725.1	GCA_964339725.1	Brassica_napus	Brassica	/home/user/zhangzhishuai/data/plantDB/genome/Brassica_napus_GCA_964339725.1	/home/user/zhangzhishuai/data/plantDB/genome/Brassica_napus_GCA_964339725.1/genome/GCA_964339725.1_BnASSYST-282_genomic.fna.gz			272381851	0	1	0	0	GCA_964339725.1	GCA_964339725.1
Brassica_napus_GCA_964339735.1	GCA_964339735.1	Brassica_napus	Brassica	/home/user/zhangzhishuai/data/plantDB/genome/Brassica_napus_GCA_964339735.1	/home/user/zhangzhishuai/data/plantDB/genome/Brassica_napus_GCA_964339735.1/genome/GCA_964339735.1_BnASSYST-269_genomic.fna.gz			273175778	0	1	0	0	GCA_964339735.1	GCA_964339735.1
Brassica_napus_GCA_964339745.1	GCA_964339745.1	Brassica_napus	Brassica	/home/user/zhangzhishuai/data/plantDB/genome/Brassica_napus_GCA_964339745.1	/home/user/zhangzhishuai/data/plantDB/genome/Brassica_napus_GCA_964339745.1/genome/GCA_964339745.1_BnASSYST-272_genomic.fna.gz			267950558	0	1	0	0	GCA_964339745.1	GCA_964339745.1
Brassica_napus_GCA_964339765.1	GCA_964339765.1	Brassica_napus	Brassica	/home/user/zhangzhishuai/data/plantDB/genome/Brassica_napus_GCA_964339765.1	/home/user/zhangzhishuai/data/plantDB/genome/Brassica_napus_GCA_964339765.1/genome/GCA_964339765.1_BnASSYST-279_genomic.fna.gz			202799545	0	1	0	0	GCA_964339765.1	GCA_964339765.1
Brassica_napus_GCA_964339775.1	GCA_964339775.1	Brassica_napus	Brassica	/home/user/zhangzhishuai/data/plantDB/genome/Brassica_napus_GCA_964339775.1	/home/user/zhangzhishuai/data/plantDB/genome/Brassica_napus_GCA_964339775.1/genome/GCA_964339775.1_BnASSYST-114_genomic.fna.gz			271553655	0	1	0	0	GCA_964339775.1	GCA_964339775.1
Brassica_napus_GCA_964339785.1	GCA_964339785.1	Brassica_napus	Brassica	/home/user/zhangzhishuai/data/plantDB/genome/Brassica_napus_GCA_964339785.1	/home/user/zhangzhishuai/data/plantDB/genome/Brassica_napus_GCA_964339785.1/genome/GCA_964339785.1_BnASSYST-194_genomic.fna.gz			271465742	0	1	0	0	GCA_964339785.1	GCA_964339785.1
Brassica_napus_GCA_964339795.1	GCA_964339795.1	Brassica_napus	Brassica	/home/user/zhangzhishuai/data/plantDB/genome/Brassica_napus_GCA_964339795.1	/home/user/zhangzhishuai/data/plantDB/genome/Brassica_napus_GCA_964339795.1/genome/GCA_964339795.1_BnASSYST-273_genomic.fna.gz			273309214	0	1	0	0	GCA_964339795.1	GCA_964339795.1
Brassica_napus_GCA_964339815.1	GCA_964339815.1	Brassica_napus	Brassica	/home/user/zhangzhishuai/data/plantDB/genome/Brassica_napus_GCA_964339815.1	/home/user/zhangzhishuai/data/plantDB/genome/Brassica_napus_GCA_964339815.1/genome/GCA_964339815.1_BnASSYST-136_genomic.fna.gz			271623230	0	1	0	0	GCA_964339815.1	GCA_964339815.1
Brassica_napus_GCA_964339825.1	GCA_964339825.1	Brassica_napus	Brassica	/home/user/zhangzhishuai/data/plantDB/genome/Brassica_napus_GCA_964339825.1	/home/user/zhangzhishuai/data/plantDB/genome/Brassica_napus_GCA_964339825.1/genome/GCA_964339825.1_BnASSYST-238_genomic.fna.gz			272050603	0	1	0	0	GCA_964339825.1	GCA_964339825.1
Brassica_napus_GCA_964339835.1	GCA_964339835.1	Brassica_napus	Brassica	/home/user/zhangzhishuai/data/plantDB/genome/Brassica_napus_GCA_964339835.1	/home/user/zhangzhishuai/data/plantDB/genome/Brassica_napus_GCA_964339835.1/genome/GCA_964339835.1_BnASSYST-302_genomic.fna.gz			273001052	0	1	0	0	GCA_964339835.1	GCA_964339835.1
Brassica_napus_GCA_964339845.1	GCA_964339845.1	Brassica_napus	Brassica	/home/user/zhangzhishuai/data/plantDB/genome/Brassica_napus_GCA_964339845.1	/home/user/zhangzhishuai/data/plantDB/genome/Brassica_napus_GCA_964339845.1/genome/GCA_964339845.1_BnASSYST-143_genomic.fna.gz			273229023	0	1	0	0	GCA_964339845.1	GCA_964339845.1
Brassica_napus_GCA_964339855.1	GCA_964339855.1	Brassica_napus	Brassica	/home/user/zhangzhishuai/data/plantDB/genome/Brassica_napus_GCA_964339855.1	/home/user/zhangzhishuai/data/plantDB/genome/Brassica_napus_GCA_964339855.1/genome/GCA_964339855.1_BnASSYST-281_genomic.fna.gz			271259519	0	1	0	0	GCA_964339855.1	GCA_964339855.1
Brassica_napus_GCA_964339865.1	GCA_964339865.1	Brassica_napus	Brassica	/home/user/zhangzhishuai/data/plantDB/genome/Brassica_napus_GCA_964339865.1	/home/user/zhangzhishuai/data/plantDB/genome/Brassica_napus_GCA_964339865.1/genome/GCA_964339865.1_BnASSYST-167_genomic.fna.gz			266820874	0	1	0	0	GCA_964339865.1	GCA_964339865.1
Brassica_napus_GCA_964339875.1	GCA_964339875.1	Brassica_napus	Brassica	/home/user/zhangzhishuai/data/plantDB/genome/Brassica_napus_GCA_964339875.1	/home/user/zhangzhishuai/data/plantDB/genome/Brassica_napus_GCA_964339875.1/genome/GCA_964339875.1_BnASSYST-130_genomic.fna.gz			272580217	0	1	0	0	GCA_964339875.1	GCA_964339875.1
Brassica_napus_GCA_964339885.1	GCA_964339885.1	Brassica_napus	Brassica	/home/user/zhangzhishuai/data/plantDB/genome/Brassica_napus_GCA_964339885.1	/home/user/zhangzhishuai/data/plantDB/genome/Brassica_napus_GCA_964339885.1/genome/GCA_964339885.1_BnASSYST-209_genomic.fna.gz			277237759	0	1	0	0	GCA_964339885.1	GCA_964339885.1
Brassica_napus_GCA_964339895.1	GCA_964339895.1	Brassica_napus	Brassica	/home/user/zhangzhishuai/data/plantDB/genome/Brassica_napus_GCA_964339895.1	/home/user/zhangzhishuai/data/plantDB/genome/Brassica_napus_GCA_964339895.1/genome/GCA_964339895.1_BnASSYST-210_genomic.fna.gz			276543261	0	1	0	0	GCA_964339895.1	GCA_964339895.1
Brassica_napus_GCA_964339905.1	GCA_964339905.1	Brassica_napus	Brassica	/home/user/zhangzhishuai/data/plantDB/genome/Brassica_napus_GCA_964339905.1	/home/user/zhangzhishuai/data/plantDB/genome/Brassica_napus_GCA_964339905.1/genome/GCA_964339905.1_BnASSYST-123_genomic.fna.gz			270230367	0	1	0	0	GCA_964339905.1	GCA_964339905.1
Brassica_napus_GCA_964339915.1	GCA_964339915.1	Brassica_napus	Brassica	/home/user/zhangzhishuai/data/plantDB/genome/Brassica_napus_GCA_964339915.1	/home/user/zhangzhishuai/data/plantDB/genome/Brassica_napus_GCA_964339915.1/genome/GCA_964339915.1_BnASSYST-176_genomic.fna.gz			265484437	0	1	0	0	GCA_964339915.1	GCA_964339915.1
Brassica_napus_GCA_964339925.1	GCA_964339925.1	Brassica_napus	Brassica	/home/user/zhangzhishuai/data/plantDB/genome/Brassica_napus_GCA_964339925.1	/home/user/zhangzhishuai/data/plantDB/genome/Brassica_napus_GCA_964339925.1/genome/GCA_964339925.1_BnASSYST-292_genomic.fna.gz			276336686	0	1	0	0	GCA_964339925.1	GCA_964339925.1
Brassica_napus_GCA_964339935.1	GCA_964339935.1	Brassica_napus	Brassica	/home/user/zhangzhishuai/data/plantDB/genome/Brassica_napus_GCA_964339935.1	/home/user/zhangzhishuai/data/plantDB/genome/Brassica_napus_GCA_964339935.1/genome/GCA_964339935.1_BnASSYST-301_genomic.fna.gz			268364978	0	1	0	0	GCA_964339935.1	GCA_964339935.1
Brassica_napus_GCA_964339965.1	GCA_964339965.1	Brassica_napus	Brassica	/home/user/zhangzhishuai/data/plantDB/genome/Brassica_napus_GCA_964339965.1	/home/user/zhangzhishuai/data/plantDB/genome/Brassica_napus_GCA_964339965.1/genome/GCA_964339965.1_BnASSYST-236_genomic.fna.gz			269693391	0	1	0	0	GCA_964339965.1	GCA_964339965.1
Brassica_napus_GCA_964339975.1	GCA_964339975.1	Brassica_napus	Brassica	/home/user/zhangzhishuai/data/plantDB/genome/Brassica_napus_GCA_964339975.1	/home/user/zhangzhishuai/data/plantDB/genome/Brassica_napus_GCA_964339975.1/genome/GCA_964339975.1_BnASSYST-229_genomic.fna.gz			273410847	0	1	0	0	GCA_964339975.1	GCA_964339975.1
Brassica_napus_GCA_964339985.1	GCA_964339985.1	Brassica_napus	Brassica	/home/user/zhangzhishuai/data/plantDB/genome/Brassica_napus_GCA_964339985.1	/home/user/zhangzhishuai/data/plantDB/genome/Brassica_napus_GCA_964339985.1/genome/GCA_964339985.1_BnASSYST-213_genomic.fna.gz			269171252	0	1	0	0	GCA_964339985.1	GCA_964339985.1
Brassica_napus_GCA_964339995.1	GCA_964339995.1	Brassica_napus	Brassica	/home/user/zhangzhishuai/data/plantDB/genome/Brassica_napus_GCA_964339995.1	/home/user/zhangzhishuai/data/plantDB/genome/Brassica_napus_GCA_964339995.1/genome/GCA_964339995.1_BnASSYST-324_genomic.fna.gz			306857623	0	1	0	0	GCA_964339995.1	GCA_964339995.1
Brassica_napus_GCA_964340005.1	GCA_964340005.1	Brassica_napus	Brassica	/home/user/zhangzhishuai/data/plantDB/genome/Brassica_napus_GCA_964340005.1	/home/user/zhangzhishuai/data/plantDB/genome/Brassica_napus_GCA_964340005.1/genome/GCA_964340005.1_BnASSYST-222_genomic.fna.gz			274386964	0	1	0	0	GCA_964340005.1	GCA_964340005.1
Brassica_napus_GCA_964340015.1	GCA_964340015.1	Brassica_napus	Brassica	/home/user/zhangzhishuai/data/plantDB/genome/Brassica_napus_GCA_964340015.1	/home/user/zhangzhishuai/data/plantDB/genome/Brassica_napus_GCA_964340015.1/genome/GCA_964340015.1_BnASSYST-389_genomic.fna.gz			272176670	0	1	0	0	GCA_964340015.1	GCA_964340015.1
Brassica_napus_GCA_964340025.1	GCA_964340025.1	Brassica_napus	Brassica	/home/user/zhangzhishuai/data/plantDB/genome/Brassica_napus_GCA_964340025.1	/home/user/zhangzhishuai/data/plantDB/genome/Brassica_napus_GCA_964340025.1/genome/GCA_964340025.1_BnASSYST-202_genomic.fna.gz			270117669	0	1	0	0	GCA_964340025.1	GCA_964340025.1
Brassica_napus_GCA_964340035.1	GCA_964340035.1	Brassica_napus	Brassica	/home/user/zhangzhishuai/data/plantDB/genome/Brassica_napus_GCA_964340035.1	/home/user/zhangzhishuai/data/plantDB/genome/Brassica_napus_GCA_964340035.1/genome/GCA_964340035.1_BnASSYST-411_genomic.fna.gz			268322113	0	1	0	0	GCA_964340035.1	GCA_964340035.1
Brassica_napus_GCA_964340045.1	GCA_964340045.1	Brassica_napus	Brassica	/home/user/zhangzhishuai/data/plantDB/genome/Brassica_napus_GCA_964340045.1	/home/user/zhangzhishuai/data/plantDB/genome/Brassica_napus_GCA_964340045.1/genome/GCA_964340045.1_BnASSYST-427_genomic.fna.gz			270870827	0	1	0	0	GCA_964340045.1	GCA_964340045.1
Brassica_napus_GCA_964340055.1	GCA_964340055.1	Brassica_napus	Brassica	/home/user/zhangzhishuai/data/plantDB/genome/Brassica_napus_GCA_964340055.1	/home/user/zhangzhishuai/data/plantDB/genome/Brassica_napus_GCA_964340055.1/genome/GCA_964340055.1_BnASSYST-111_genomic.fna.gz			268759546	0	1	0	0	GCA_964340055.1	GCA_964340055.1
Brassica_napus_GCA_964340065.1	GCA_964340065.1	Brassica_napus	Brassica	/home/user/zhangzhishuai/data/plantDB/genome/Brassica_napus_GCA_964340065.1	/home/user/zhangzhishuai/data/plantDB/genome/Brassica_napus_GCA_964340065.1/genome/GCA_964340065.1_BnASSYST-401_genomic.fna.gz			259940061	0	1	0	0	GCA_964340065.1	GCA_964340065.1
Brassica_napus_GCA_964340075.1	GCA_964340075.1	Brassica_napus	Brassica	/home/user/zhangzhishuai/data/plantDB/genome/Brassica_napus_GCA_964340075.1	/home/user/zhangzhishuai/data/plantDB/genome/Brassica_napus_GCA_964340075.1/genome/GCA_964340075.1_BnASSYST-145_genomic.fna.gz			272357702	0	1	0	0	GCA_964340075.1	GCA_964340075.1
Brassica_napus_GCA_964340085.1	GCA_964340085.1	Brassica_napus	Brassica	/home/user/zhangzhishuai/data/plantDB/genome/Brassica_napus_GCA_964340085.1	/home/user/zhangzhishuai/data/plantDB/genome/Brassica_napus_GCA_964340085.1/genome/GCA_964340085.1_BnASSYST-237_genomic.fna.gz			268085610	0	1	0	0	GCA_964340085.1	GCA_964340085.1
Brassica_napus_GCA_964340095.1	GCA_964340095.1	Brassica_napus	Brassica	/home/user/zhangzhishuai/data/plantDB/genome/Brassica_napus_GCA_964340095.1	/home/user/zhangzhishuai/data/plantDB/genome/Brassica_napus_GCA_964340095.1/genome/GCA_964340095.1_BnASSYST-376_genomic.fna.gz			265977350	0	1	0	0	GCA_964340095.1	GCA_964340095.1
Brassica_napus_GCA_964340105.1	GCA_964340105.1	Brassica_napus	Brassica	/home/user/zhangzhishuai/data/plantDB/genome/Brassica_napus_GCA_964340105.1	/home/user/zhangzhishuai/data/plantDB/genome/Brassica_napus_GCA_964340105.1/genome/GCA_964340105.1_BnASSYST-414_genomic.fna.gz			262884472	0	1	0	0	GCA_964340105.1	GCA_964340105.1
Brassica_napus_GCA_964340115.1	GCA_964340115.1	Brassica_napus	Brassica	/home/user/zhangzhishuai/data/plantDB/genome/Brassica_napus_GCA_964340115.1	/home/user/zhangzhishuai/data/plantDB/genome/Brassica_napus_GCA_964340115.1/genome/GCA_964340115.1_BnASSYST-241_genomic.fna.gz			271207669	0	1	0	0	GCA_964340115.1	GCA_964340115.1
Brassica_napus_GCA_964340125.1	GCA_964340125.1	Brassica_napus	Brassica	/home/user/zhangzhishuai/data/plantDB/genome/Brassica_napus_GCA_964340125.1	/home/user/zhangzhishuai/data/plantDB/genome/Brassica_napus_GCA_964340125.1/genome/GCA_964340125.1_BnASSYST-430_genomic.fna.gz			265448519	0	1	0	0	GCA_964340125.1	GCA_964340125.1
Brassica_napus_GCA_964340135.1	GCA_964340135.1	Brassica_napus	Brassica	/home/user/zhangzhishuai/data/plantDB/genome/Brassica_napus_GCA_964340135.1	/home/user/zhangzhishuai/data/plantDB/genome/Brassica_napus_GCA_964340135.1/genome/GCA_964340135.1_BnASSYST-415_genomic.fna.gz			264231508	0	1	0	0	GCA_964340135.1	GCA_964340135.1
Brassica_napus_GCA_964340145.1	GCA_964340145.1	Brassica_napus	Brassica	/home/user/zhangzhishuai/data/plantDB/genome/Brassica_napus_GCA_964340145.1	/home/user/zhangzhishuai/data/plantDB/genome/Brassica_napus_GCA_964340145.1/genome/GCA_964340145.1_BnASSYST-271_genomic.fna.gz			274834045	0	1	0	0	GCA_964340145.1	GCA_964340145.1
Brassica_napus_GCA_964340155.1	GCA_964340155.1	Brassica_napus	Brassica	/home/user/zhangzhishuai/data/plantDB/genome/Brassica_napus_GCA_964340155.1	/home/user/zhangzhishuai/data/plantDB/genome/Brassica_napus_GCA_964340155.1/genome/GCA_964340155.1_BnASSYST-230_genomic.fna.gz			228934714	0	1	0	0	GCA_964340155.1	GCA_964340155.1
Brassica_napus_GCA_964340165.1	GCA_964340165.1	Brassica_napus	Brassica	/home/user/zhangzhishuai/data/plantDB/genome/Brassica_napus_GCA_964340165.1	/home/user/zhangzhishuai/data/plantDB/genome/Brassica_napus_GCA_964340165.1/genome/GCA_964340165.1_BnASSYST-203_genomic.fna.gz			285187786	0	1	0	0	GCA_964340165.1	GCA_964340165.1
Brassica_napus_GCA_964340175.1	GCA_964340175.1	Brassica_napus	Brassica	/home/user/zhangzhishuai/data/plantDB/genome/Brassica_napus_GCA_964340175.1	/home/user/zhangzhishuai/data/plantDB/genome/Brassica_napus_GCA_964340175.1/genome/GCA_964340175.1_BnASSYST-419_genomic.fna.gz			270780260	0	1	0	0	GCA_964340175.1	GCA_964340175.1
Brassica_napus_GCA_964340185.1	GCA_964340185.1	Brassica_napus	Brassica	/home/user/zhangzhishuai/data/plantDB/genome/Brassica_napus_GCA_964340185.1	/home/user/zhangzhishuai/data/plantDB/genome/Brassica_napus_GCA_964340185.1/genome/GCA_964340185.1_BnASSYST-323_genomic.fna.gz			273725014	0	1	0	0	GCA_964340185.1	GCA_964340185.1
Brassica_napus_GCA_964340195.1	GCA_964340195.1	Brassica_napus	Brassica	/home/user/zhangzhishuai/data/plantDB/genome/Brassica_napus_GCA_964340195.1	/home/user/zhangzhishuai/data/plantDB/genome/Brassica_napus_GCA_964340195.1/genome/GCA_964340195.1_BnASSYST-399_genomic.fna.gz			272586356	0	1	0	0	GCA_964340195.1	GCA_964340195.1
Brassica_napus_GCA_964340205.1	GCA_964340205.1	Brassica_napus	Brassica	/home/user/zhangzhishuai/data/plantDB/genome/Brassica_napus_GCA_964340205.1	/home/user/zhangzhishuai/data/plantDB/genome/Brassica_napus_GCA_964340205.1/genome/GCA_964340205.1_BnASSYST-354_genomic.fna.gz			262273099	0	1	0	0	GCA_964340205.1	GCA_964340205.1
Brassica_napus_GCA_964340215.1	GCA_964340215.1	Brassica_napus	Brassica	/home/user/zhangzhishuai/data/plantDB/genome/Brassica_napus_GCA_964340215.1	/home/user/zhangzhishuai/data/plantDB/genome/Brassica_napus_GCA_964340215.1/genome/GCA_964340215.1_BnASSYST-322_genomic.fna.gz			269430770	0	1	0	0	GCA_964340215.1	GCA_964340215.1
Brassica_napus_GCA_964340225.1	GCA_964340225.1	Brassica_napus	Brassica	/home/user/zhangzhishuai/data/plantDB/genome/Brassica_napus_GCA_964340225.1	/home/user/zhangzhishuai/data/plantDB/genome/Brassica_napus_GCA_964340225.1/genome/GCA_964340225.1_BnASSYST-357_genomic.fna.gz			275260707	0	1	0	0	GCA_964340225.1	GCA_964340225.1
Brassica_napus_GCA_964340235.1	GCA_964340235.1	Brassica_napus	Brassica	/home/user/zhangzhishuai/data/plantDB/genome/Brassica_napus_GCA_964340235.1	/home/user/zhangzhishuai/data/plantDB/genome/Brassica_napus_GCA_964340235.1/genome/GCA_964340235.1_BnASSYST-336_genomic.fna.gz			272314696	0	1	0	0	GCA_964340235.1	GCA_964340235.1
Brassica_napus_GCA_964340245.1	GCA_964340245.1	Brassica_napus	Brassica	/home/user/zhangzhishuai/data/plantDB/genome/Brassica_napus_GCA_964340245.1	/home/user/zhangzhishuai/data/plantDB/genome/Brassica_napus_GCA_964340245.1/genome/GCA_964340245.1_BnASSYST-234_genomic.fna.gz			271364979	0	1	0	0	GCA_964340245.1	GCA_964340245.1
Brassica_napus_GCA_964340255.1	GCA_964340255.1	Brassica_napus	Brassica	/home/user/zhangzhishuai/data/plantDB/genome/Brassica_napus_GCA_964340255.1	/home/user/zhangzhishuai/data/plantDB/genome/Brassica_napus_GCA_964340255.1/genome/GCA_964340255.1_BnASSYST-233_genomic.fna.gz			272427091	0	1	0	0	GCA_964340255.1	GCA_964340255.1
Brassica_napus_GCA_964340265.1	GCA_964340265.1	Brassica_napus	Brassica	/home/user/zhangzhishuai/data/plantDB/genome/Brassica_napus_GCA_964340265.1	/home/user/zhangzhishuai/data/plantDB/genome/Brassica_napus_GCA_964340265.1/genome/GCA_964340265.1_BnASSYST-235_genomic.fna.gz			271235647	0	1	0	0	GCA_964340265.1	GCA_964340265.1
Brassica_napus_GCA_964340275.1	GCA_964340275.1	Brassica_napus	Brassica	/home/user/zhangzhishuai/data/plantDB/genome/Brassica_napus_GCA_964340275.1	/home/user/zhangzhishuai/data/plantDB/genome/Brassica_napus_GCA_964340275.1/genome/GCA_964340275.1_BnASSYST-231_genomic.fna.gz			271059037	0	1	0	0	GCA_964340275.1	GCA_964340275.1
Brassica_napus_GCA_964340285.1	GCA_964340285.1	Brassica_napus	Brassica	/home/user/zhangzhishuai/data/plantDB/genome/Brassica_napus_GCA_964340285.1	/home/user/zhangzhishuai/data/plantDB/genome/Brassica_napus_GCA_964340285.1/genome/GCA_964340285.1_BnASSYST-232_genomic.fna.gz			268453790	0	1	0	0	GCA_964340285.1	GCA_964340285.1
Brassica_napus_GCA_964340295.1	GCA_964340295.1	Brassica_napus	Brassica	/home/user/zhangzhishuai/data/plantDB/genome/Brassica_napus_GCA_964340295.1	/home/user/zhangzhishuai/data/plantDB/genome/Brassica_napus_GCA_964340295.1/genome/GCA_964340295.1_BnASSYST-431_genomic.fna.gz			263183747	0	1	0	0	GCA_964340295.1	GCA_964340295.1
Brassica_napus_GCA_964340305.1	GCA_964340305.1	Brassica_napus	Brassica	/home/user/zhangzhishuai/data/plantDB/genome/Brassica_napus_GCA_964340305.1	/home/user/zhangzhishuai/data/plantDB/genome/Brassica_napus_GCA_964340305.1/genome/GCA_964340305.1_BnASSYST-453_genomic.fna.gz			266833919	0	1	0	0	GCA_964340305.1	GCA_964340305.1
Brassica_napus_GCA_964340315.1	GCA_964340315.1	Brassica_napus	Brassica	/home/user/zhangzhishuai/data/plantDB/genome/Brassica_napus_GCA_964340315.1	/home/user/zhangzhishuai/data/plantDB/genome/Brassica_napus_GCA_964340315.1/genome/GCA_964340315.1_BnASSYST-442_genomic.fna.gz			265493503	0	1	0	0	GCA_964340315.1	GCA_964340315.1
Brassica_napus_GCA_964340325.1	GCA_964340325.1	Brassica_napus	Brassica	/home/user/zhangzhishuai/data/plantDB/genome/Brassica_napus_GCA_964340325.1	/home/user/zhangzhishuai/data/plantDB/genome/Brassica_napus_GCA_964340325.1/genome/GCA_964340325.1_BnASSYST-450_genomic.fna.gz			269983888	0	1	0	0	GCA_964340325.1	GCA_964340325.1
Brassica_napus_GCA_964340335.1	GCA_964340335.1	Brassica_napus	Brassica	/home/user/zhangzhishuai/data/plantDB/genome/Brassica_napus_GCA_964340335.1	/home/user/zhangzhishuai/data/plantDB/genome/Brassica_napus_GCA_964340335.1/genome/GCA_964340335.1_BnASSYST-436_genomic.fna.gz			269612470	0	1	0	0	GCA_964340335.1	GCA_964340335.1
Brassica_napus_GCA_964340345.1	GCA_964340345.1	Brassica_napus	Brassica	/home/user/zhangzhishuai/data/plantDB/genome/Brassica_napus_GCA_964340345.1	/home/user/zhangzhishuai/data/plantDB/genome/Brassica_napus_GCA_964340345.1/genome/GCA_964340345.1_BnASSYST-433_genomic.fna.gz			265970269	0	1	0	0	GCA_964340345.1	GCA_964340345.1
Brassica_napus_GCA_964340355.1	GCA_964340355.1	Brassica_napus	Brassica	/home/user/zhangzhishuai/data/plantDB/genome/Brassica_napus_GCA_964340355.1	/home/user/zhangzhishuai/data/plantDB/genome/Brassica_napus_GCA_964340355.1/genome/GCA_964340355.1_BnASSYST-446_genomic.fna.gz			257488808	0	1	0	0	GCA_964340355.1	GCA_964340355.1
Brassica_napus_GCA_964340365.1	GCA_964340365.1	Brassica_napus	Brassica	/home/user/zhangzhishuai/data/plantDB/genome/Brassica_napus_GCA_964340365.1	/home/user/zhangzhishuai/data/plantDB/genome/Brassica_napus_GCA_964340365.1/genome/GCA_964340365.1_BnASSYST-452_genomic.fna.gz			270017441	0	1	0	0	GCA_964340365.1	GCA_964340365.1
Brassica_napus_GCA_964340375.1	GCA_964340375.1	Brassica_napus	Brassica	/home/user/zhangzhishuai/data/plantDB/genome/Brassica_napus_GCA_964340375.1	/home/user/zhangzhishuai/data/plantDB/genome/Brassica_napus_GCA_964340375.1/genome/GCA_964340375.1_BnASSYST-445_genomic.fna.gz			259224600	0	1	0	0	GCA_964340375.1	GCA_964340375.1
Brassica_napus_GCA_982223935.1	GCA_982223935.1	Brassica_napus	Brassica	/home/user/zhangzhishuai/data/plantDB/genome/Brassica_napus_GCA_982223935.1	/home/user/zhangzhishuai/data/plantDB/genome/Brassica_napus_GCA_982223935.1/genome/GCA_982223935.1_BNARCCS0.1_genomic.fna.gz	/home/user/zhangzhishuai/data/plantDB/genome/Brassica_napus_GCA_982223935.1/annotation/GCA_982223935.1_BNARCCS0.1_genomic.gff.gz	/home/user/zhangzhishuai/data/plantDB/genome/Brassica_napus_GCA_982223935.1/annotation/GCA_982223935.1_BNARCCS0.1_genomic.gtf.gz	256213583	25751694	1	1	1	GCA_982223935.1	GCA_982223935.1
Brassica_napus_GCF_000686985.2	GCF_000686985.2	Brassica_napus	Brassica	/home/user/zhangzhishuai/data/plantDB/genome/Brassica_napus_GCF_000686985.2	/home/user/zhangzhishuai/data/plantDB/genome/Brassica_napus_GCF_000686985.2/genome/GCF_000686985.2_Bra_napus_v2.0_genomic.fna.gz	/home/user/zhangzhishuai/data/plantDB/genome/Brassica_napus_GCF_000686985.2/annotation/GCF_000686985.2_Bra_napus_v2.0_genomic.gff.gz		280663223	31339915	1	1	1	GCF_000686985.2	GCF_000686985.2
Brassica_napus_GCF_020379485.1	GCF_020379485.1	Brassica_napus	Brassica	/home/user/zhangzhishuai/data/plantDB/genome/Brassica_napus_GCF_020379485.1	/home/user/zhangzhishuai/data/plantDB/genome/Brassica_napus_GCF_020379485.1/genome/GCF_020379485.1_Da-Ae_genomic.fna.gz	/home/user/zhangzhishuai/data/plantDB/genome/Brassica_napus_GCF_020379485.1/annotation/GCF_020379485.1_Da-Ae_genomic.gff.gz	/home/user/zhangzhishuai/data/plantDB/genome/Brassica_napus_GCF_020379485.1/annotation/GCF_020379485.1_Da-Ae_genomic.gtf.gz	295920657	59852648	1	1	1	GCF_020379485.1	GCF_020379485.1
Brassica_oleracea_GCA_000604025.1	GCA_000604025.1	Brassica_oleracea	Brassica	/home/user/zhangzhishuai/data/plantDB/genome/Brassica_oleracea_GCA_000604025.1	/home/user/zhangzhishuai/data/plantDB/genome/Brassica_oleracea_GCA_000604025.1/genome/GCA_000604025.1_BOL_v1.0_genomic.fna.gz			151764760	0	1	0	0	GCA_000604025.1	GCA_000604025.1
Brassica_oleracea_GCA_018177695.1	GCA_018177695.1	Brassica_oleracea	Brassica	/home/user/zhangzhishuai/data/plantDB/genome/Brassica_oleracea_GCA_018177695.1	/home/user/zhangzhishuai/data/plantDB/genome/Brassica_oleracea_GCA_018177695.1/genome/GCA_018177695.1_Cabbage_OX-heart_923_BVRC_genomic.fna.gz			170913662	0	1	0	0	GCA_018177695.1	GCA_018177695.1
Brassica_oleracea_GCA_034621495.1	GCA_034621495.1	Brassica_oleracea	Brassica	/home/user/zhangzhishuai/data/plantDB/genome/Brassica_oleracea_GCA_034621495.1	/home/user/zhangzhishuai/data/plantDB/genome/Brassica_oleracea_GCA_034621495.1/genome/GCA_034621495.1_ASM3462149v1_genomic.fna.gz			168579698	0	1	0	0	GCA_034621495.1	GCA_034621495.1
Brassica_oleracea_GCA_034621515.1	GCA_034621515.1	Brassica_oleracea	Brassica	/home/user/zhangzhishuai/data/plantDB/genome/Brassica_oleracea_GCA_034621515.1	/home/user/zhangzhishuai/data/plantDB/genome/Brassica_oleracea_GCA_034621515.1/genome/GCA_034621515.1_ASM3462151v1_genomic.fna.gz			171337106	0	1	0	0	GCA_034621515.1	GCA_034621515.1
Brassica_oleracea_GCA_034621585.1	GCA_034621585.1	Brassica_oleracea	Brassica	/home/user/zhangzhishuai/data/plantDB/genome/Brassica_oleracea_GCA_034621585.1	/home/user/zhangzhishuai/data/plantDB/genome/Brassica_oleracea_GCA_034621585.1/genome/GCA_034621585.1_ASM3462158v1_genomic.fna.gz			169588087	0	1	0	0	GCA_034621585.1	GCA_034621585.1
Brassica_oleracea_GCA_034638355.1	GCA_034638355.1	Brassica_oleracea	Brassica	/home/user/zhangzhishuai/data/plantDB/genome/Brassica_oleracea_GCA_034638355.1	/home/user/zhangzhishuai/data/plantDB/genome/Brassica_oleracea_GCA_034638355.1/genome/GCA_034638355.1_ASM3463835v1_genomic.fna.gz			172136214	0	1	0	0	GCA_034638355.1	GCA_034638355.1
Brassica_oleracea_GCA_034638385.1	GCA_034638385.1	Brassica_oleracea	Brassica	/home/user/zhangzhishuai/data/plantDB/genome/Brassica_oleracea_GCA_034638385.1	/home/user/zhangzhishuai/data/plantDB/genome/Brassica_oleracea_GCA_034638385.1/genome/GCA_034638385.1_ASM3463838v1_genomic.fna.gz			169845480	0	1	0	0	GCA_034638385.1	GCA_034638385.1
Brassica_oleracea_GCA_034638395.1	GCA_034638395.1	Brassica_oleracea	Brassica	/home/user/zhangzhishuai/data/plantDB/genome/Brassica_oleracea_GCA_034638395.1	/home/user/zhangzhishuai/data/plantDB/genome/Brassica_oleracea_GCA_034638395.1/genome/GCA_034638395.1_ASM3463839v1_genomic.fna.gz			173292263	0	1	0	0	GCA_034638395.1	GCA_034638395.1
Brassica_oleracea_GCA_034638515.1	GCA_034638515.1	Brassica_oleracea	Brassica	/home/user/zhangzhishuai/data/plantDB/genome/Brassica_oleracea_GCA_034638515.1	/home/user/zhangzhishuai/data/plantDB/genome/Brassica_oleracea_GCA_034638515.1/genome/GCA_034638515.1_ASM3463851v1_genomic.fna.gz			170650762	0	1	0	0	GCA_034638515.1	GCA_034638515.1
Brassica_oleracea_GCA_034638795.1	GCA_034638795.1	Brassica_oleracea	Brassica	/home/user/zhangzhishuai/data/plantDB/genome/Brassica_oleracea_GCA_034638795.1	/home/user/zhangzhishuai/data/plantDB/genome/Brassica_oleracea_GCA_034638795.1/genome/GCA_034638795.1_ASM3463879v1_genomic.fna.gz			172432474	0	1	0	0	GCA_034638795.1	GCA_034638795.1
Brassica_oleracea_GCA_034638945.1	GCA_034638945.1	Brassica_oleracea	Brassica	/home/user/zhangzhishuai/data/plantDB/genome/Brassica_oleracea_GCA_034638945.1	/home/user/zhangzhishuai/data/plantDB/genome/Brassica_oleracea_GCA_034638945.1/genome/GCA_034638945.1_ASM3463894v1_genomic.fna.gz			173462463	0	1	0	0	GCA_034638945.1	GCA_034638945.1
Brassica_oleracea_GCA_034638975.1	GCA_034638975.1	Brassica_oleracea	Brassica	/home/user/zhangzhishuai/data/plantDB/genome/Brassica_oleracea_GCA_034638975.1	/home/user/zhangzhishuai/data/plantDB/genome/Brassica_oleracea_GCA_034638975.1/genome/GCA_034638975.1_ASM3463897v1_genomic.fna.gz			173190849	0	1	0	0	GCA_034638975.1	GCA_034638975.1
Brassica_oleracea_GCA_034639235.1	GCA_034639235.1	Brassica_oleracea	Brassica	/home/user/zhangzhishuai/data/plantDB/genome/Brassica_oleracea_GCA_034639235.1	/home/user/zhangzhishuai/data/plantDB/genome/Brassica_oleracea_GCA_034639235.1/genome/GCA_034639235.1_ASM3463923v1_genomic.fna.gz			170723187	0	1	0	0	GCA_034639235.1	GCA_034639235.1
Brassica_oleracea_GCA_034639375.1	GCA_034639375.1	Brassica_oleracea	Brassica	/home/user/zhangzhishuai/data/plantDB/genome/Brassica_oleracea_GCA_034639375.1	/home/user/zhangzhishuai/data/plantDB/genome/Brassica_oleracea_GCA_034639375.1/genome/GCA_034639375.1_ASM3463937v1_genomic.fna.gz			168346607	0	1	0	0	GCA_034639375.1	GCA_034639375.1
Brassica_oleracea_GCA_034639625.1	GCA_034639625.1	Brassica_oleracea	Brassica	/home/user/zhangzhishuai/data/plantDB/genome/Brassica_oleracea_GCA_034639625.1	/home/user/zhangzhishuai/data/plantDB/genome/Brassica_oleracea_GCA_034639625.1/genome/GCA_034639625.1_ASM3463962v1_genomic.fna.gz			167075065	0	1	0	0	GCA_034639625.1	GCA_034639625.1
Brassica_oleracea_GCA_034639695.1	GCA_034639695.1	Brassica_oleracea	Brassica	/home/user/zhangzhishuai/data/plantDB/genome/Brassica_oleracea_GCA_034639695.1	/home/user/zhangzhishuai/data/plantDB/genome/Brassica_oleracea_GCA_034639695.1/genome/GCA_034639695.1_ASM3463969v1_genomic.fna.gz			166381782	0	1	0	0	GCA_034639695.1	GCA_034639695.1
Brassica_oleracea_GCA_034639995.1	GCA_034639995.1	Brassica_oleracea	Brassica	/home/user/zhangzhishuai/data/plantDB/genome/Brassica_oleracea_GCA_034639995.1	/home/user/zhangzhishuai/data/plantDB/genome/Brassica_oleracea_GCA_034639995.1/genome/GCA_034639995.1_ASM3463999v1_genomic.fna.gz			180293654	0	1	0	0	GCA_034639995.1	GCA_034639995.1
Brassica_oleracea_GCA_034640155.1	GCA_034640155.1	Brassica_oleracea	Brassica	/home/user/zhangzhishuai/data/plantDB/genome/Brassica_oleracea_GCA_034640155.1	/home/user/zhangzhishuai/data/plantDB/genome/Brassica_oleracea_GCA_034640155.1/genome/GCA_034640155.1_ASM3464015v1_genomic.fna.gz			168343583	0	1	0	0	GCA_034640155.1	GCA_034640155.1
Brassica_oleracea_GCA_034640235.1	GCA_034640235.1	Brassica_oleracea	Brassica	/home/user/zhangzhishuai/data/plantDB/genome/Brassica_oleracea_GCA_034640235.1	/home/user/zhangzhishuai/data/plantDB/genome/Brassica_oleracea_GCA_034640235.1/genome/GCA_034640235.1_ASM3464023v1_genomic.fna.gz			172491818	0	1	0	0	GCA_034640235.1	GCA_034640235.1
Brassica_oleracea_GCA_034640245.1	GCA_034640245.1	Brassica_oleracea	Brassica	/home/user/zhangzhishuai/data/plantDB/genome/Brassica_oleracea_GCA_034640245.1	/home/user/zhangzhishuai/data/plantDB/genome/Brassica_oleracea_GCA_034640245.1/genome/GCA_034640245.1_ASM3464024v1_genomic.fna.gz			164892344	0	1	0	0	GCA_034640245.1	GCA_034640245.1
Brassica_oleracea_GCA_034640255.1	GCA_034640255.1	Brassica_oleracea	Brassica	/home/user/zhangzhishuai/data/plantDB/genome/Brassica_oleracea_GCA_034640255.1	/home/user/zhangzhishuai/data/plantDB/genome/Brassica_oleracea_GCA_034640255.1/genome/GCA_034640255.1_ASM3464025v1_genomic.fna.gz			168296286	0	1	0	0	GCA_034640255.1	GCA_034640255.1
Brassica_oleracea_GCA_034640265.1	GCA_034640265.1	Brassica_oleracea	Brassica	/home/user/zhangzhishuai/data/plantDB/genome/Brassica_oleracea_GCA_034640265.1	/home/user/zhangzhishuai/data/plantDB/genome/Brassica_oleracea_GCA_034640265.1/genome/GCA_034640265.1_ASM3464026v1_genomic.fna.gz			166172764	0	1	0	0	GCA_034640265.1	GCA_034640265.1
Brassica_oleracea_GCA_034640275.1	GCA_034640275.1	Brassica_oleracea	Brassica	/home/user/zhangzhishuai/data/plantDB/genome/Brassica_oleracea_GCA_034640275.1	/home/user/zhangzhishuai/data/plantDB/genome/Brassica_oleracea_GCA_034640275.1/genome/GCA_034640275.1_ASM3464027v1_genomic.fna.gz			170710116	0	1	0	0	GCA_034640275.1	GCA_034640275.1
Brassica_oleracea_GCA_034640335.1	GCA_034640335.1	Brassica_oleracea	Brassica	/home/user/zhangzhishuai/data/plantDB/genome/Brassica_oleracea_GCA_034640335.1	/home/user/zhangzhishuai/data/plantDB/genome/Brassica_oleracea_GCA_034640335.1/genome/GCA_034640335.1_ASM3464033v1_genomic.fna.gz			168705294	0	1	0	0	GCA_034640335.1	GCA_034640335.1
Brassica_oleracea_GCA_037043335.1	GCA_037043335.1	Brassica_oleracea	Brassica	/home/user/zhangzhishuai/data/plantDB/genome/Brassica_oleracea_GCA_037043335.1	/home/user/zhangzhishuai/data/plantDB/genome/Brassica_oleracea_GCA_037043335.1/genome/GCA_037043335.1_BobV2_genomic.fna.gz			168619119	0	1	0	0	GCA_037043335.1	GCA_037043335.1
Brassica_oleracea_GCA_046630355.1	GCA_046630355.1	Brassica_oleracea	Brassica	/home/user/zhangzhishuai/data/plantDB/genome/Brassica_oleracea_GCA_046630355.1	/home/user/zhangzhishuai/data/plantDB/genome/Brassica_oleracea_GCA_046630355.1/genome/GCA_046630355.1_ABRC_BoA_1_genomic.fna.gz			170353861	0	1	0	0	GCA_046630355.1	GCA_046630355.1
Brassica_oleracea_GCA_900416815.2	GCA_900416815.2	Brassica_oleracea	Brassica	/home/user/zhangzhishuai/data/plantDB/genome/Brassica_oleracea_GCA_900416815.2	/home/user/zhangzhishuai/data/plantDB/genome/Brassica_oleracea_GCA_900416815.2/genome/GCA_900416815.2_Brassica_oleracea_HDEM_genomic.fna.gz			168492484	0	1	0	0	GCA_900416815.2	GCA_900416815.2
Brassica_oleracea_GCA_902726615.1	GCA_902726615.1	Brassica_oleracea	Brassica	/home/user/zhangzhishuai/data/plantDB/genome/Brassica_oleracea_GCA_902726615.1	/home/user/zhangzhishuai/data/plantDB/genome/Brassica_oleracea_GCA_902726615.1/genome/GCA_902726615.1_bol-D134-Reference_genomic.fna.gz			163400069	0	1	0	0	GCA_902726615.1	GCA_902726615.1
Brassica_oleracea_GCA_965638055.1	GCA_965638055.1	Brassica_oleracea	Brassica	/home/user/zhangzhishuai/data/plantDB/genome/Brassica_oleracea_GCA_965638055.1	/home/user/zhangzhishuai/data/plantDB/genome/Brassica_oleracea_GCA_965638055.1/genome/GCA_965638055.1_BOLBOS01.2_genomic.fna.gz	/home/user/zhangzhishuai/data/plantDB/genome/Brassica_oleracea_GCA_965638055.1/annotation/GCA_965638055.1_BOLBOS01.2_genomic.gff.gz	/home/user/zhangzhishuai/data/plantDB/genome/Brassica_oleracea_GCA_965638055.1/annotation/GCA_965638055.1_BOLBOS01.2_genomic.gtf.gz	193523772	17306745	1	1	1	GCA_965638055.1	GCA_965638055.1
Brassica_oleracea_GCA_965638065.1	GCA_965638065.1	Brassica_oleracea	Brassica	/home/user/zhangzhishuai/data/plantDB/genome/Brassica_oleracea_GCA_965638065.1	/home/user/zhangzhishuai/data/plantDB/genome/Brassica_oleracea_GCA_965638065.1/genome/GCA_965638065.1_BOLC102.1_genomic.fna.gz	/home/user/zhangzhishuai/data/plantDB/genome/Brassica_oleracea_GCA_965638065.1/annotation/GCA_965638065.1_BOLC102.1_genomic.gff.gz	/home/user/zhangzhishuai/data/plantDB/genome/Brassica_oleracea_GCA_965638065.1/annotation/GCA_965638065.1_BOLC102.1_genomic.gtf.gz	169891662	16715385	1	1	1	GCA_965638065.1	GCA_965638065.1
Brassica_oleracea_GCA_965641685.1	GCA_965641685.1	Brassica_oleracea	Brassica	/home/user/zhangzhishuai/data/plantDB/genome/Brassica_oleracea_GCA_965641685.1	/home/user/zhangzhishuai/data/plantDB/genome/Brassica_oleracea_GCA_965641685.1/genome/GCA_965641685.1_BOLND125.1_genomic.fna.gz	/home/user/zhangzhishuai/data/plantDB/genome/Brassica_oleracea_GCA_965641685.1/annotation/GCA_965641685.1_BOLND125.1_genomic.gff.gz	/home/user/zhangzhishuai/data/plantDB/genome/Brassica_oleracea_GCA_965641685.1/annotation/GCA_965641685.1_BOLND125.1_genomic.gtf.gz	172487725	17205649	1	1	1	GCA_965641685.1	GCA_965641685.1
Brassica_oleracea_GCF_000695525.1	GCF_000695525.1	Brassica_oleracea	Brassica	/home/user/zhangzhishuai/data/plantDB/genome/Brassica_oleracea_GCF_000695525.1	/home/user/zhangzhishuai/data/plantDB/genome/Brassica_oleracea_GCF_000695525.1/genome/GCF_000695525.1_BOL_genomic.fna.gz	/home/user/zhangzhishuai/data/plantDB/genome/Brassica_oleracea_GCF_000695525.1/annotation/GCF_000695525.1_BOL_genomic.gff.gz	/home/user/zhangzhishuai/data/plantDB/genome/Brassica_oleracea_GCF_000695525.1/annotation/GCF_000695525.1_BOL_genomic.gtf.gz	131548667	27555733	1	1	1	GCF_000695525.1	GCF_000695525.1
Brassica_oleracea_var._botrytis_GCA_965641685.1	GCA_965641685.1	Brassica_oleracea_var._botrytis	Brassica	/home/user/zhangzhishuai/data/plantDB/genome/Brassica_oleracea_var._botrytis_GCA_965641685.1	/home/user/zhangzhishuai/data/plantDB/genome/Brassica_oleracea_var._botrytis_GCA_965641685.1/genome/GCA_965641685.1_BOLND125.1_genomic.fna.gz	/home/user/zhangzhishuai/data/plantDB/genome/Brassica_oleracea_var._botrytis_GCA_965641685.1/annotation/GCA_965641685.1_BOLND125.1_genomic.gff.gz		172487725	8862202	1	1	1	GCA_965641685.1	GCA_965641685.1
Brassica_oleracea_var._oleracea_GCF_000695525.1	GCF_000695525.1	Brassica_oleracea_var._oleracea	Brassica	/home/user/zhangzhishuai/data/plantDB/genome/Brassica_oleracea_var._oleracea_GCF_000695525.1	/home/user/zhangzhishuai/data/plantDB/genome/Brassica_oleracea_var._oleracea_GCF_000695525.1/genome/GCF_000695525.1_BOL_genomic.fna.gz	/home/user/zhangzhishuai/data/plantDB/genome/Brassica_oleracea_var._oleracea_GCF_000695525.1/annotation/GCF_000695525.1_BOL_genomic.gff.gz		131548667	14471124	1	1	1	GCF_000695525.1	GCF_000695525.1
Brassica_rapa_GCA_003434825.1	GCA_003434825.1	Brassica_rapa	Brassica	/home/user/zhangzhishuai/data/plantDB/genome/Brassica_rapa_GCA_003434825.1	/home/user/zhangzhishuai/data/plantDB/genome/Brassica_rapa_GCA_003434825.1/genome/GCA_003434825.1_Brassica_rapa_FPsc_v1.3_genomic.fna.gz	/home/user/zhangzhishuai/data/plantDB/genome/Brassica_rapa_GCA_003434825.1/annotation/GCA_003434825.1_Brassica_rapa_FPsc_v1.3_genomic.gff.gz	/home/user/zhangzhishuai/data/plantDB/genome/Brassica_rapa_GCA_003434825.1/annotation/GCA_003434825.1_Brassica_rapa_FPsc_v1.3_genomic.gtf.gz	81103754	15825628	1	1	1	GCA_003434825.1	GCA_003434825.1
Brassica_rapa_GCA_008629595.1	GCA_008629595.1	Brassica_rapa	Brassica	/home/user/zhangzhishuai/data/plantDB/genome/Brassica_rapa_GCA_008629595.1	/home/user/zhangzhishuai/data/plantDB/genome/Brassica_rapa_GCA_008629595.1/genome/GCA_008629595.1_ASM862959v1_genomic.fna.gz			73294262	0	1	0	0	GCA_008629595.1	GCA_008629595.1
Brassica_rapa_GCA_016163755.1	GCA_016163755.1	Brassica_rapa	Brassica	/home/user/zhangzhishuai/data/plantDB/genome/Brassica_rapa_GCA_016163755.1	/home/user/zhangzhishuai/data/plantDB/genome/Brassica_rapa_GCA_016163755.1/genome/GCA_016163755.1_ASM1616375v1_genomic.fna.gz			109339952	0	1	0	0	GCA_016163755.1	GCA_016163755.1
Brassica_rapa_GCA_017639395.1	GCA_017639395.1	Brassica_rapa	Brassica	/home/user/zhangzhishuai/data/plantDB/genome/Brassica_rapa_GCA_017639395.1	/home/user/zhangzhishuai/data/plantDB/genome/Brassica_rapa_GCA_017639395.1/genome/GCA_017639395.1_SCU_BraROA_2.3_genomic.fna.gz	/home/user/zhangzhishuai/data/plantDB/genome/Brassica_rapa_GCA_017639395.1/annotation/GCA_017639395.1_SCU_BraROA_2.3_genomic.gff.gz	/home/user/zhangzhishuai/data/plantDB/genome/Brassica_rapa_GCA_017639395.1/annotation/GCA_017639395.1_SCU_BraROA_2.3_genomic.gtf.gz	103390082	18443247	1	1	1	GCA_017639395.1	GCA_017639395.1
Brassica_rapa_GCA_018901965.1	GCA_018901965.1	Brassica_rapa	Brassica	/home/user/zhangzhishuai/data/plantDB/genome/Brassica_rapa_GCA_018901965.1	/home/user/zhangzhishuai/data/plantDB/genome/Brassica_rapa_GCA_018901965.1/genome/GCA_018901965.1_BRT_1.0_genomic.fna.gz			95839037	0	1	0	0	GCA_018901965.1	GCA_018901965.1
Brassica_rapa_GCA_019776045.1	GCA_019776045.1	Brassica_rapa	Brassica	/home/user/zhangzhishuai/data/plantDB/genome/Brassica_rapa_GCA_019776045.1	/home/user/zhangzhishuai/data/plantDB/genome/Brassica_rapa_GCA_019776045.1/genome/GCA_019776045.1_xB_Genome.1.0_genomic.fna.gz			203547968	0	1	0	0	GCA_019776045.1	GCA_019776045.1
Brassica_rapa_GCA_025215035.1	GCA_025215035.1	Brassica_rapa	Brassica	/home/user/zhangzhishuai/data/plantDB/genome/Brassica_rapa_GCA_025215035.1	/home/user/zhangzhishuai/data/plantDB/genome/Brassica_rapa_GCA_025215035.1/genome/GCA_025215035.1_Pakchoi_v1_genomic.fna.gz			117728427	0	1	0	0	GCA_025215035.1	GCA_025215035.1
Brassica_rapa_GCA_030704385.1	GCA_030704385.1	Brassica_rapa	Brassica	/home/user/zhangzhishuai/data/plantDB/genome/Brassica_rapa_GCA_030704385.1	/home/user/zhangzhishuai/data/plantDB/genome/Brassica_rapa_GCA_030704385.1/genome/GCA_030704385.1_ASM3070438v1_genomic.fna.gz			122346520	0	1	0	0	GCA_030704385.1	GCA_030704385.1
Brassica_rapa_GCA_052186255.1	GCA_052186255.1	Brassica_rapa	Brassica	/home/user/zhangzhishuai/data/plantDB/genome/Brassica_rapa_GCA_052186255.1	/home/user/zhangzhishuai/data/plantDB/genome/Brassica_rapa_GCA_052186255.1/genome/GCA_052186255.1_ASM5218625v1_genomic.fna.gz			113205704	0	1	0	0	GCA_052186255.1	GCA_052186255.1
Brassica_rapa_GCA_052186285.1	GCA_052186285.1	Brassica_rapa	Brassica	/home/user/zhangzhishuai/data/plantDB/genome/Brassica_rapa_GCA_052186285.1	/home/user/zhangzhishuai/data/plantDB/genome/Brassica_rapa_GCA_052186285.1/genome/GCA_052186285.1_ASM5218628v1_genomic.fna.gz			112742269	0	1	0	0	GCA_052186285.1	GCA_052186285.1
Brassica_rapa_GCA_052186295.1	GCA_052186295.1	Brassica_rapa	Brassica	/home/user/zhangzhishuai/data/plantDB/genome/Brassica_rapa_GCA_052186295.1	/home/user/zhangzhishuai/data/plantDB/genome/Brassica_rapa_GCA_052186295.1/genome/GCA_052186295.1_ASM5218629v1_genomic.fna.gz			111828456	0	1	0	0	GCA_052186295.1	GCA_052186295.1
Brassica_rapa_GCA_052186515.1	GCA_052186515.1	Brassica_rapa	Brassica	/home/user/zhangzhishuai/data/plantDB/genome/Brassica_rapa_GCA_052186515.1	/home/user/zhangzhishuai/data/plantDB/genome/Brassica_rapa_GCA_052186515.1/genome/GCA_052186515.1_ASM5218651v1_genomic.fna.gz			113479131	0	1	0	0	GCA_052186515.1	GCA_052186515.1
Brassica_rapa_GCA_052186525.1	GCA_052186525.1	Brassica_rapa	Brassica	/home/user/zhangzhishuai/data/plantDB/genome/Brassica_rapa_GCA_052186525.1	/home/user/zhangzhishuai/data/plantDB/genome/Brassica_rapa_GCA_052186525.1/genome/GCA_052186525.1_ASM5218652v1_genomic.fna.gz			111457846	0	1	0	0	GCA_052186525.1	GCA_052186525.1
Brassica_rapa_GCA_052186545.1	GCA_052186545.1	Brassica_rapa	Brassica	/home/user/zhangzhishuai/data/plantDB/genome/Brassica_rapa_GCA_052186545.1	/home/user/zhangzhishuai/data/plantDB/genome/Brassica_rapa_GCA_052186545.1/genome/GCA_052186545.1_ASM5218654v1_genomic.fna.gz			111704674	0	1	0	0	GCA_052186545.1	GCA_052186545.1
Brassica_rapa_GCA_052186625.1	GCA_052186625.1	Brassica_rapa	Brassica	/home/user/zhangzhishuai/data/plantDB/genome/Brassica_rapa_GCA_052186625.1	/home/user/zhangzhishuai/data/plantDB/genome/Brassica_rapa_GCA_052186625.1/genome/GCA_052186625.1_ASM5218662v1_genomic.fna.gz			113344397	0	1	0	0	GCA_052186625.1	GCA_052186625.1
Brassica_rapa_GCA_052186715.1	GCA_052186715.1	Brassica_rapa	Brassica	/home/user/zhangzhishuai/data/plantDB/genome/Brassica_rapa_GCA_052186715.1	/home/user/zhangzhishuai/data/plantDB/genome/Brassica_rapa_GCA_052186715.1/genome/GCA_052186715.1_ASM5218671v1_genomic.fna.gz			114708570	0	1	0	0	GCA_052186715.1	GCA_052186715.1
Brassica_rapa_GCA_052186795.1	GCA_052186795.1	Brassica_rapa	Brassica	/home/user/zhangzhishuai/data/plantDB/genome/Brassica_rapa_GCA_052186795.1	/home/user/zhangzhishuai/data/plantDB/genome/Brassica_rapa_GCA_052186795.1/genome/GCA_052186795.1_ASM5218679v1_genomic.fna.gz			115502340	0	1	0	0	GCA_052186795.1	GCA_052186795.1
Brassica_rapa_GCA_052186825.1	GCA_052186825.1	Brassica_rapa	Brassica	/home/user/zhangzhishuai/data/plantDB/genome/Brassica_rapa_GCA_052186825.1	/home/user/zhangzhishuai/data/plantDB/genome/Brassica_rapa_GCA_052186825.1/genome/GCA_052186825.1_ASM5218682v1_genomic.fna.gz			114255382	0	1	0	0	GCA_052186825.1	GCA_052186825.1
Brassica_rapa_GCA_052186835.1	GCA_052186835.1	Brassica_rapa	Brassica	/home/user/zhangzhishuai/data/plantDB/genome/Brassica_rapa_GCA_052186835.1	/home/user/zhangzhishuai/data/plantDB/genome/Brassica_rapa_GCA_052186835.1/genome/GCA_052186835.1_ASM5218683v1_genomic.fna.gz			112289675	0	1	0	0	GCA_052186835.1	GCA_052186835.1
Brassica_rapa_GCA_053455375.1	GCA_053455375.1	Brassica_rapa	Brassica	/home/user/zhangzhishuai/data/plantDB/genome/Brassica_rapa_GCA_053455375.1	/home/user/zhangzhishuai/data/plantDB/genome/Brassica_rapa_GCA_053455375.1/genome/GCA_053455375.1_ASM5345537v1_genomic.fna.gz			111339992	0	1	0	0	GCA_053455375.1	GCA_053455375.1
Brassica_rapa_GCA_900412535.3	GCA_900412535.3	Brassica_rapa	Brassica	/home/user/zhangzhishuai/data/plantDB/genome/Brassica_rapa_GCA_900412535.3	/home/user/zhangzhishuai/data/plantDB/genome/Brassica_rapa_GCA_900412535.3/genome/GCA_900412535.3_brapa_z1_v2_genomic.fna.gz	/home/user/zhangzhishuai/data/plantDB/genome/Brassica_rapa_GCA_900412535.3/annotation/GCA_900412535.3_brapa_z1_v2_genomic.gff.gz	/home/user/zhangzhishuai/data/plantDB/genome/Brassica_rapa_GCA_900412535.3/annotation/GCA_900412535.3_brapa_z1_v2_genomic.gtf.gz	117940857	12805247	1	1	1	GCA_900412535.3	GCA_900412535.3
Brassica_rapa_GCA_965641675.1	GCA_965641675.1	Brassica_rapa	Brassica	/home/user/zhangzhishuai/data/plantDB/genome/Brassica_rapa_GCA_965641675.1	/home/user/zhangzhishuai/data/plantDB/genome/Brassica_rapa_GCA_965641675.1/genome/GCA_965641675.1_BRAR500.1_genomic.fna.gz	/home/user/zhangzhishuai/data/plantDB/genome/Brassica_rapa_GCA_965641675.1/annotation/GCA_965641675.1_BRAR500.1_genomic.gff.gz	/home/user/zhangzhishuai/data/plantDB/genome/Brassica_rapa_GCA_965641675.1/annotation/GCA_965641675.1_BRAR500.1_genomic.gtf.gz	103439741	13725994	1	1	1	GCA_965641675.1	GCA_965641675.1
Brassica_rapa_GCA_965641695.1	GCA_965641695.1	Brassica_rapa	Brassica	/home/user/zhangzhishuai/data/plantDB/genome/Brassica_rapa_GCA_965641695.1	/home/user/zhangzhishuai/data/plantDB/genome/Brassica_rapa_GCA_965641695.1/genome/GCA_965641695.1_BRAWUT.1_genomic.fna.gz	/home/user/zhangzhishuai/data/plantDB/genome/Brassica_rapa_GCA_965641695.1/annotation/GCA_965641695.1_BRAWUT.1_genomic.gff.gz	/home/user/zhangzhishuai/data/plantDB/genome/Brassica_rapa_GCA_965641695.1/annotation/GCA_965641695.1_BRAWUT.1_genomic.gtf.gz	112216900	14133684	1	1	1	GCA_965641695.1	GCA_965641695.1
Brassica_rapa_GCF_000309985.2	GCF_000309985.2	Brassica_rapa	Brassica	/home/user/zhangzhishuai/data/plantDB/genome/Brassica_rapa_GCF_000309985.2	/home/user/zhangzhishuai/data/plantDB/genome/Brassica_rapa_GCF_000309985.2/genome/GCF_000309985.2_CAAS_Brap_v3.01_genomic.fna.gz	/home/user/zhangzhishuai/data/plantDB/genome/Brassica_rapa_GCF_000309985.2/annotation/GCF_000309985.2_CAAS_Brap_v3.01_genomic.gff.gz	/home/user/zhangzhishuai/data/plantDB/genome/Brassica_rapa_GCF_000309985.2/annotation/GCF_000309985.2_CAAS_Brap_v3.01_genomic.gtf.gz	104805307	27927594	1	1	1	GCF_000309985.2	GCF_000309985.2
Brassica_rapa_subsp._narinosa_GCA_965641695.1	GCA_965641695.1	Brassica_rapa_subsp._narinosa	Brassica	/home/user/zhangzhishuai/data/plantDB/genome/Brassica_rapa_subsp._narinosa_GCA_965641695.1	/home/user/zhangzhishuai/data/plantDB/genome/Brassica_rapa_subsp._narinosa_GCA_965641695.1/genome/GCA_965641695.1_BRAWUT.1_genomic.fna.gz	/home/user/zhangzhishuai/data/plantDB/genome/Brassica_rapa_subsp._narinosa_GCA_965641695.1/annotation/GCA_965641695.1_BRAWUT.1_genomic.gff.gz		112216900	7259380	1	1	1	GCA_965641695.1	GCA_965641695.1
Brassica_rapa_subsp._trilocularis_GCA_017639395.1	GCA_017639395.1	Brassica_rapa_subsp._trilocularis	Brassica	/home/user/zhangzhishuai/data/plantDB/genome/Brassica_rapa_subsp._trilocularis_GCA_017639395.1	/home/user/zhangzhishuai/data/plantDB/genome/Brassica_rapa_subsp._trilocularis_GCA_017639395.1/genome/GCA_017639395.1_SCU_BraROA_2.3_genomic.fna.gz	/home/user/zhangzhishuai/data/plantDB/genome/Brassica_rapa_subsp._trilocularis_GCA_017639395.1/annotation/GCA_017639395.1_SCU_BraROA_2.3_genomic.gff.gz		103390082	9219247	1	1	1	GCA_017639395.1	GCA_017639395.1
Brassica_rapa_subsp._trilocularis_GCA_965641675.1	GCA_965641675.1	Brassica_rapa_subsp._trilocularis	Brassica	/home/user/zhangzhishuai/data/plantDB/genome/Brassica_rapa_subsp._trilocularis_GCA_965641675.1	/home/user/zhangzhishuai/data/plantDB/genome/Brassica_rapa_subsp._trilocularis_GCA_965641675.1/genome/GCA_965641675.1_BRAR500.1_genomic.fna.gz	/home/user/zhangzhishuai/data/plantDB/genome/Brassica_rapa_subsp._trilocularis_GCA_965641675.1/annotation/GCA_965641675.1_BRAR500.1_genomic.gff.gz		103439741	7116041	1	1	1	GCA_965641675.1	GCA_965641675.1
Camelina_sativa_GCF_000633955.1	GCF_000633955.1	Camelina_sativa	Camelina	/home/user/zhangzhishuai/data/plantDB/genome/Camelina_sativa_GCF_000633955.1	/home/user/zhangzhishuai/data/plantDB/genome/Camelina_sativa_GCF_000633955.1/genome/GCF_000633955.1_Cs_genomic.fna.gz	/home/user/zhangzhishuai/data/plantDB/genome/Camelina_sativa_GCF_000633955.1/annotation/GCF_000633955.1_Cs_genomic.gff.gz		185590783	26603810	1	1	1	GCF_000633955.1	GCF_000633955.1
Capsella_rubella_GCA_000375325.1	GCA_000375325.1	Capsella_rubella	Capsella	/home/user/zhangzhishuai/data/plantDB/genome/Capsella_rubella_GCA_000375325.1	/home/user/zhangzhishuai/data/plantDB/genome/Capsella_rubella_GCA_000375325.1/genome/GCA_000375325.1_Caprub1_0_genomic.fna.gz	/home/user/zhangzhishuai/data/plantDB/genome/Capsella_rubella_GCA_000375325.1/annotation/GCA_000375325.1_Caprub1_0_genomic.gff.gz		40665412	6016533	1	1	1	GCA_000375325.1	GCA_000375325.1
Capsella_rubella_GCF_000375325.1	GCF_000375325.1	Capsella_rubella	Capsella	/home/user/zhangzhishuai/data/plantDB/genome/Capsella_rubella_GCF_000375325.1	/home/user/zhangzhishuai/data/plantDB/genome/Capsella_rubella_GCF_000375325.1/genome/GCF_000375325.1_Caprub1_0_genomic.fna.gz	/home/user/zhangzhishuai/data/plantDB/genome/Capsella_rubella_GCF_000375325.1/annotation/GCF_000375325.1_Caprub1_0_genomic.gff.gz		40666834	8150280	1	1	1	GCF_000375325.1	GCF_000375325.1
Cardamine_amara_subsp._amara_GCA_040955855.1	GCA_040955855.1	Cardamine_amara_subsp._amara	Cardamine	/home/user/zhangzhishuai/data/plantDB/genome/Cardamine_amara_subsp._amara_GCA_040955855.1	/home/user/zhangzhishuai/data/plantDB/genome/Cardamine_amara_subsp._amara_GCA_040955855.1/genome/GCA_040955855.1_C_amara_ONT_v2_genomic.fna.gz	/home/user/zhangzhishuai/data/plantDB/genome/Cardamine_amara_subsp._amara_GCA_040955855.1/annotation/GCA_040955855.1_C_amara_ONT_v2_genomic.gff.gz		85355489	8243586	1	1	1	GCA_040955855.1	GCA_040955855.1
Cardamine_amara_subsp._amara_GCA_056512305.1	GCA_056512305.1	Cardamine_amara_subsp._amara	Cardamine	/home/user/zhangzhishuai/data/plantDB/genome/Cardamine_amara_subsp._amara_GCA_056512305.1	/home/user/zhangzhishuai/data/plantDB/genome/Cardamine_amara_subsp._amara_GCA_056512305.1/genome/GCA_056512305.1_C.amara_C087_203_hap2_genomic.fna.gz	/home/user/zhangzhishuai/data/plantDB/genome/Cardamine_amara_subsp._amara_GCA_056512305.1/annotation/GCA_056512305.1_C.amara_C087_203_hap2_genomic.gff.gz		60984632	6230599	1	1	1	GCA_056512305.1	GCA_056512305.1
Cardamine_amara_subsp._amara_GCA_056512385.1	GCA_056512385.1	Cardamine_amara_subsp._amara	Cardamine	/home/user/zhangzhishuai/data/plantDB/genome/Cardamine_amara_subsp._amara_GCA_056512385.1	/home/user/zhangzhishuai/data/plantDB/genome/Cardamine_amara_subsp._amara_GCA_056512385.1/genome/GCA_056512385.1_C.amara_C087_203_hap1_genomic.fna.gz	/home/user/zhangzhishuai/data/plantDB/genome/Cardamine_amara_subsp._amara_GCA_056512385.1/annotation/GCA_056512385.1_C.amara_C087_203_hap1_genomic.gff.gz		61173265	6474567	1	1	1	GCA_056512385.1	GCA_056512385.1
Cardamine_hirsuta_GCA_964263975.1	GCA_964263975.1	Cardamine_hirsuta	Cardamine	/home/user/zhangzhishuai/data/plantDB/genome/Cardamine_hirsuta_GCA_964263975.1	/home/user/zhangzhishuai/data/plantDB/genome/Cardamine_hirsuta_GCA_964263975.1/genome/GCA_964263975.1_bc1021_genomic.fna.gz	/home/user/zhangzhishuai/data/plantDB/genome/Cardamine_hirsuta_GCA_964263975.1/annotation/GCA_964263975.1_bc1021_genomic.gff.gz		64965673	6442089	1	1	1	GCA_964263975.1	GCA_964263975.1
Cardamine_resedifolia_GCA_964263995.1	GCA_964263995.1	Cardamine_resedifolia	Cardamine	/home/user/zhangzhishuai/data/plantDB/genome/Cardamine_resedifolia_GCA_964263995.1	/home/user/zhangzhishuai/data/plantDB/genome/Cardamine_resedifolia_GCA_964263995.1/genome/GCA_964263995.1_bc1020_genomic.fna.gz	/home/user/zhangzhishuai/data/plantDB/genome/Cardamine_resedifolia_GCA_964263995.1/annotation/GCA_964263995.1_bc1020_genomic.gff.gz		74139193	6303464	1	1	1	GCA_964263995.1	GCA_964263995.1
Noccaea_brachypetala_GCA_964264125.1	GCA_964264125.1	Noccaea_brachypetala	Noccaea	/home/user/zhangzhishuai/data/plantDB/genome/Noccaea_brachypetala_GCA_964264125.1	/home/user/zhangzhishuai/data/plantDB/genome/Noccaea_brachypetala_GCA_964264125.1/genome/GCA_964264125.1_bc1011_genomic.fna.gz	/home/user/zhangzhishuai/data/plantDB/genome/Noccaea_brachypetala_GCA_964264125.1/annotation/GCA_964264125.1_bc1011_genomic.gff.gz		76056609	7624096	1	1	1	GCA_964264125.1	GCA_964264125.1
Noccaea_rotundifolia_GCA_964264115.1	GCA_964264115.1	Noccaea_rotundifolia	Noccaea	/home/user/zhangzhishuai/data/plantDB/genome/Noccaea_rotundifolia_GCA_964264115.1	/home/user/zhangzhishuai/data/plantDB/genome/Noccaea_rotundifolia_GCA_964264115.1/genome/GCA_964264115.1_bc1010_genomic.fna.gz	/home/user/zhangzhishuai/data/plantDB/genome/Noccaea_rotundifolia_GCA_964264115.1/annotation/GCA_964264115.1_bc1010_genomic.gff.gz		108452496	8119671	1	1	1	GCA_964264115.1	GCA_964264115.1
Sinapis_alba_GCA_012274485.2	GCA_012274485.2	Sinapis_alba	Sinapis	/home/user/zhangzhishuai/data/plantDB/genome/Sinapis_alba_GCA_012274485.2	/home/user/zhangzhishuai/data/plantDB/genome/Sinapis_alba_GCA_012274485.2/genome/GCA_012274485.2_S.alba_v1_genomic.fna.gz	/home/user/zhangzhishuai/data/plantDB/genome/Sinapis_alba_GCA_012274485.2/annotation/GCA_012274485.2_S.alba_v1_genomic.gff.gz		121701321	10258384	1	1	1	GCA_012274485.2	GCA_012274485.2
Thlaspi_arvense_GCA_055878665.1	GCA_055878665.1	Thlaspi_arvense	Thlaspi	/home/user/zhangzhishuai/data/plantDB/genome/Thlaspi_arvense_GCA_055878665.1	/home/user/zhangzhishuai/data/plantDB/genome/Thlaspi_arvense_GCA_055878665.1/genome/GCA_055878665.1_TarvensevarAK34W_v1.0_genomic.fna.gz	/home/user/zhangzhishuai/data/plantDB/genome/Thlaspi_arvense_GCA_055878665.1/annotation/GCA_055878665.1_TarvensevarAK34W_v1.0_genomic.gff.gz		133316416	6804929	1	1	1	GCA_055878665.1	GCA_055878665.1
Thlaspi_arvense_GCA_055878685.1	GCA_055878685.1	Thlaspi_arvense	Thlaspi	/home/user/zhangzhishuai/data/plantDB/genome/Thlaspi_arvense_GCA_055878685.1	/home/user/zhangzhishuai/data/plantDB/genome/Thlaspi_arvense_GCA_055878685.1/genome/GCA_055878685.1_TarvensevarTibet33_v1.0_genomic.fna.gz	/home/user/zhangzhishuai/data/plantDB/genome/Thlaspi_arvense_GCA_055878685.1/annotation/GCA_055878685.1_TarvensevarTibet33_v1.0_genomic.gff.gz		132781289	7458868	1	1	1	GCA_055878685.1	GCA_055878685.1
Thlaspi_arvense_GCA_056507885.1	GCA_056507885.1	Thlaspi_arvense	Thlaspi	/home/user/zhangzhishuai/data/plantDB/genome/Thlaspi_arvense_GCA_056507885.1	/home/user/zhangzhishuai/data/plantDB/genome/Thlaspi_arvense_GCA_056507885.1/genome/GCA_056507885.1_TarvensevarAmes32873_v1.0_genomic.fna.gz	/home/user/zhangzhishuai/data/plantDB/genome/Thlaspi_arvense_GCA_056507885.1/annotation/GCA_056507885.1_TarvensevarAmes32873_v1.0_genomic.gff.gz		132306528	6597057	1	1	1	GCA_056507885.1	GCA_056507885.1
Thlaspi_arvense_GCA_056507925.1	GCA_056507925.1	Thlaspi_arvense	Thlaspi	/home/user/zhangzhishuai/data/plantDB/genome/Thlaspi_arvense_GCA_056507925.1	/home/user/zhangzhishuai/data/plantDB/genome/Thlaspi_arvense_GCA_056507925.1/genome/GCA_056507925.1_TarvensevarMN106_v4.0_genomic.fna.gz	/home/user/zhangzhishuai/data/plantDB/genome/Thlaspi_arvense_GCA_056507925.1/annotation/GCA_056507925.1_TarvensevarMN106_v4.0_genomic.gff.gz		133884233	6646967	1	1	1	GCA_056507925.1	GCA_056507925.1
Thlaspi_arvense_GCA_056507965.1	GCA_056507965.1	Thlaspi_arvense	Thlaspi	/home/user/zhangzhishuai/data/plantDB/genome/Thlaspi_arvense_GCA_056507965.1	/home/user/zhangzhishuai/data/plantDB/genome/Thlaspi_arvense_GCA_056507965.1/genome/GCA_056507965.1_TarvensevarMN134_v1.0_genomic.fna.gz	/home/user/zhangzhishuai/data/plantDB/genome/Thlaspi_arvense_GCA_056507965.1/annotation/GCA_056507965.1_TarvensevarMN134_v1.0_genomic.gff.gz		133754511	6843166	1	1	1	GCA_056507965.1	GCA_056507965.1
Thlaspi_arvense_GCA_056507985.1	GCA_056507985.1	Thlaspi_arvense	Thlaspi	/home/user/zhangzhishuai/data/plantDB/genome/Thlaspi_arvense_GCA_056507985.1	/home/user/zhangzhishuai/data/plantDB/genome/Thlaspi_arvense_GCA_056507985.1/genome/GCA_056507985.1_TarvensevarLorettoMN_v1.0_genomic.fna.gz	/home/user/zhangzhishuai/data/plantDB/genome/Thlaspi_arvense_GCA_056507985.1/annotation/GCA_056507985.1_TarvensevarLorettoMN_v1.0_genomic.gff.gz		133304115	7265511	1	1	1	GCA_056507985.1	GCA_056507985.1
Thlaspi_arvense_GCA_056508005.1	GCA_056508005.1	Thlaspi_arvense	Thlaspi	/home/user/zhangzhishuai/data/plantDB/genome/Thlaspi_arvense_GCA_056508005.1	/home/user/zhangzhishuai/data/plantDB/genome/Thlaspi_arvense_GCA_056508005.1/genome/GCA_056508005.1_TarvensevarPI650286_v1.0_genomic.fna.gz	/home/user/zhangzhishuai/data/plantDB/genome/Thlaspi_arvense_GCA_056508005.1/annotation/GCA_056508005.1_TarvensevarPI650286_v1.0_genomic.gff.gz		135172847	7076450	1	1	1	GCA_056508005.1	GCA_056508005.1
Thlaspi_arvense_GCA_911865555.2	GCA_911865555.2	Thlaspi_arvense	Thlaspi	/home/user/zhangzhishuai/data/plantDB/genome/Thlaspi_arvense_GCA_911865555.2	/home/user/zhangzhishuai/data/plantDB/genome/Thlaspi_arvense_GCA_911865555.2/genome/GCA_911865555.2_T_arvense_v2_genomic.fna.gz	/home/user/zhangzhishuai/data/plantDB/genome/Thlaspi_arvense_GCA_911865555.2/annotation/GCA_911865555.2_T_arvense_v2_genomic.gff.gz		155705487	6386612	1	1	1	GCA_911865555.2	GCA_911865555.2
